question_id,question,expected_contexts,retrieved_contexts,retrieval_score,retrieval_time,generation_time,total_time,expected_answer,answer,timestamp
q1,"Em muốn hỏi là ai chi trả tiền trợ cấp cho người có công ở các xã, phường vậy?",49_2012_QĐ_UBND_regulation_ch2_art8,"49_2012_QĐ_UBND_regulation_ch2_art8,49_2012_QĐ_UBND_preamble,101_2018_TT_BTC_ch2_art4,47_2009_TTLT_BTC_BLĐTBXH_preamble,101_2018_TT_BTC_preamble",1.0,0.0608065128326416,3.9630978107452393,4.023904323577881,"Theo Điều 8 Quyết định số 49/2012/QĐ-UBND, Ủy ban nhân dân phường-xã, thị trấn có trách nhiệm trực tiếp quản lý đối tượng, tiền mặt và các khoản chi trợ cấp ưu đãi người có công với cách mạng trên địa bàn, đảm bảo an toàn, không để xảy ra thất thoát, mất mát. Thực hiện chi trả các khoản trợ cấp, phụ cấp ưu đãi đảm bảo đúng đối tượng, đúng chế độ, kịp thời gian và được hưởng mức tiền thù lao chi trả hàng tháng theo quy định.","Chào bạn, tôi là trợ lý tư vấn về chính sách ưu đãi người có công. Dưới đây là thông tin về việc chi trả tiền trợ cấp cho đối tượng này ở xã, phường:

**Tóm tắt:**

*   **Ủy ban nhân dân (UBND) phường, xã, thị trấn** là đơn vị trực tiếp chi trả tiền trợ cấp cho đối tượng người có công tại địa phương.
*   UBND phường, xã có trách nhiệm quản lý tiền mặt, chi đúng đối tượng, đúng chế độ và kịp thời.

**Giải thích chi tiết:**

1.  **UBND phường, xã, thị trấn:**

    *   Căn cứ theo hợp đồng trách nh",2025-04-03 11:39:32
q2,"Em năm nay đang học đại học và bố em là thương binh. Em nghe nói được hưởng trợ cấp giáo dục gì đó, vậy em được nhận tiền mấy tháng một năm vậy ạ?",101_2018_TT_BTC_ch2_art9,"101_2018_TT_BTC_ch2_art4,101_2018_TT_BTC_ch1_art1_3,101_2018_TT_BTC_ch2_art5,49_2012_QĐ_UBND_preamble,101_2018_TT_BTC_preamble",0.0,0.11658668518066406,2.0641398429870605,2.1964821815490723,"Theo quy định tại Điểm d, Khoản 1, Điều 9 của Thông tư số 101/2018/TT-BTC ngày 14/11/2018: 'Trợ cấp ưu đãi trong giáo dục, đào tạo theo quy định của Chính phủ. Thời gian hưởng trợ cấp hàng tháng được cấp đủ 12 tháng cho một năm học. Đối với thời gian học năm cuối không đủ 12 tháng được trợ cấp theo số tháng thực học của năm học đó. Trường hợp học theo mô-đun, tín chỉ thì thời gian hưởng trợ cấp theo thời gian đào tạo quy đổi nhưng không vượt quá thời gian đào tạo của ngành, nghề học và trình độ ","Chào bạn, tôi là trợ lý tư vấn về chính sách ưu đãi **người có công**. Dựa trên thông tin bạn cung cấp, tôi hiểu bố bạn là thương binh và bạn đang quan tâm đến trợ cấp giáo dục dành cho con của thương binh.

Tuy nhiên, các văn bản pháp luật tôi có chỉ đề cập đến các đối tượng người có công nói chung và việc quản lý, sử dụng kinh phí cho các chính sách này, chứ không có thông tin chi tiết về trợ cấp giáo dục cụ thể cho con của thương binh, bao gồm số tháng được nhận trợ cấp trong năm.

Để biết th",2025-04-03 11:39:34
q3,"Ngày xưa bố tôi đi bộ đội, tham gia kháng chiến chống Mỹ. Giờ tôi muốn thăm mộ ông ở nghĩa trang liệt sĩ tận Quảng Trị. Nhà nước có hỗ trợ tiền đi lại không?",101_2018_TT_BTC_ch2_art12_13,"101_2018_TT_BTC_ch2_art12_13,47_2009_TTLT_BTC_BLĐTBXH_art4,101_2018_TT_BTC_ch2_art11,101_2018_TT_BTC_ch1_art1_3,101_2018_TT_BTC_preamble",1.0,0.1091313362121582,2.9022486209869385,3.0124881267547607,"Theo Điều 12, Thông tư số 101/2018/TT-BTC ngày 14/11/2018, thân nhân liệt sĩ (không quá ba người) hoặc người thờ cúng liệt sĩ được cơ quan Lao động-Thương binh và Xã hội cấp giấy giới thiệu đi thăm viếng mộ liệt sĩ trong nước được hỗ trợ một lần tiền tàu xe và tiền ăn (bao gồm cả lượt đi và về), mỗi năm một lần đối với một liệt sĩ. Mức hỗ trợ theo đơn giá 2.000 đồng/km nhân với khoảng cách từ nơi cấp giấy giới thiệu đến nghĩa trang có mộ liệt sĩ hoặc địa phương nơi liệt sĩ hy sinh nhưng tối đa k","Chào bạn, tôi là trợ lý tư vấn về chính sách ưu đãi cho người có công và người trực tiếp tham gia kháng chiến. Dựa trên thông tin bạn cung cấp, tôi xin trả lời câu hỏi của bạn như sau:

**Có, nhà nước có hỗ trợ tiền tàu xe và tiền ăn cho thân nhân liệt sĩ đi thăm viếng mộ liệt sĩ.**

**Giải thích chi tiết:**

Theo **Điều 12, Thông tư 101/2018/TT-BTC**, thân nhân liệt sĩ (tối đa ba người) hoặc người thờ cúng liệt sĩ khi được cơ quan LĐTBXH cấp giấy giới thiệu đi thăm viếng mộ liệt sĩ trong nước s",2025-04-03 11:39:37
q4,"Chồng em là liệt sĩ mất ở chiến trường, chúng em muốn đưa hài cốt anh ấy về quê thì có được hỗ trợ tiền không ạ?",101_2018_TT_BTC_ch2_art12_13,"101_2018_TT_BTC_ch2_art12_13,47_2009_TTLT_BTC_BLĐTBXH_art4,101_2018_TT_BTC_ch1_art1_3,101_2018_TT_BTC_ch2_art11,101_2018_TT_BTC_ch2_art7",1.0,0.09804797172546387,4.777634382247925,4.875682353973389,"Theo Điều 13, Thông tư số 101/2018/TT-BTC ngày 14/11/2018, khi di chuyển hài cốt liệt sĩ, chị sẽ được hỗ trợ các khoản sau:
1. Hỗ trợ tiền tàu xe và tiền ăn đối với thân nhân liệt sĩ hoặc người được thân nhân liệt sĩ uỷ quyền hoặc người thờ cúng liệt sĩ (không quá ba người), mức hỗ trợ tính theo đơn giá 2.000 đồng/km nhân với khoảng cách từ nơi cấp giấy giới thiệu đến nghĩa trang, nhưng tối đa không quá 2.400.000 đồng/người.
2. Hỗ trợ kinh phí cất bốc và di chuyển một bộ hài cốt liệt sĩ: 4.000.0","Chào bạn, tôi là trợ lý tư vấn về chính sách ưu đãi người có công. Về câu hỏi của bạn, việc hỗ trợ di chuyển hài cốt liệt sĩ về quê là có thể được hỗ trợ chi phí theo quy định hiện hành. Dưới đây là thông tin chi tiết:

**1. Các khoản hỗ trợ khi di chuyển hài cốt liệt sĩ:**

*   **Hỗ trợ tiền tàu xe và tiền ăn:** Dành cho thân nhân liệt sĩ (tối đa ba người) hoặc người được thân nhân ủy quyền hoặc người thờ cúng liệt sĩ. Mức hỗ trợ được tính theo đơn giá 2.000 đồng/km, nhân với khoảng cách từ nơi",2025-04-03 11:39:42
q5,"Con trai tôi là thương binh hạng 1, có thẻ bảo hiểm y tế rồi, nhưng phải đi lắp chân giả do vết thương tái phát. Vậy có được hỗ trợ tiền đi lại không?",101_2018_TT_BTC_ch2_art7,"101_2018_TT_BTC_ch2_art7,101_2018_TT_BTC_ch2_art12_13,47_2009_TTLT_BTC_BLĐTBXH_art4,101_2018_TT_BTC_preamble,101_2018_TT_BTC_ch1_art1_3",1.0,0.11528825759887695,3.8175456523895264,3.9333786964416504,"Theo Điều 7 Thông tư 101/2018/TT-BTC, đối tượng được hưởng chế độ cấp phương tiện trợ giúp, dụng cụ chỉnh hình (như chân giả) khi đi làm dụng cụ chỉnh hình được hỗ trợ một lần tiền ăn và tiền tàu xe (bao gồm cả lượt đi và về), mỗi niên hạn 01 lần. Mức hỗ trợ theo đơn giá 5.000 đồng/km nhân với khoảng cách từ nơi cư trú đến cơ sở y tế gần nhất đủ điều kiện về chuyên môn kỹ thuật cung cấp dụng cụ chỉnh hình, nhưng tối đa không quá 1.400.000 đồng/người. Ngoài ra, người thương binh còn được cấp tiền","Chào bạn, tôi là trợ lý tư vấn về chính sách ưu đãi người có công. Dựa trên thông tin bạn cung cấp, con trai bạn là thương binh hạng 1 và cần lắp chân giả do vết thương tái phát, tôi xin trả lời như sau:

**Con trai bạn có thể được hỗ trợ tiền đi lại và tiền ăn khi đi làm chân giả.**

**Giải thích chi tiết:**

Theo quy định tại điểm a khoản 2 Điều 7 của Thông tư 101/2018/TT-BTC, thương binh được hưởng chế độ cấp phương tiện trợ giúp, dụng cụ chỉnh hình sẽ được hỗ trợ tiền ăn và tiền tàu xe (bao ",2025-04-03 11:39:46
q6,"Bây giờ muốn đi điều dưỡng tập trung thì có được cho người nhà đi cùng không? Mà tiền ăn uống, thuốc men có được hỗ trợ không?",101_2018_TT_BTC_ch2_art6,"101_2018_TT_BTC_ch2_art6,101_2018_TT_BTC_ch2_art7,47_2009_TTLT_BTC_BLĐTBXH_art4,101_2018_TT_BTC_ch2_art10,47_2009_TTLT_BTC_BLĐTBXH_art3",1.0,0.09754514694213867,4.013023614883423,4.1105687618255615,"Theo Điều 6, Thông tư số 101/2018/TT-BTC ngày 14/11/2018, khi đi điều dưỡng tập trung, người có công được hưởng các khoản sau:
1. Tiền ăn trong thời gian điều dưỡng (ăn sáng, 2 bữa chính và ăn bồi dưỡng thêm nếu có)
2. Thuốc bổ và thuốc chữa bệnh thông thường
3. Quà tặng (bằng tiền hoặc hiện vật)
4. Các khoản chi khác phục vụ trực tiếp trong thời gian điều dưỡng (gồm: khăn mặt, xà phòng, bàn chải, thuốc đánh răng, tham quan, chụp ảnh, tư vấn sức khỏe, phục hồi chức năng và các khoản chi khác) kh","Về việc điều dưỡng tập trung và các chi phí liên quan, tôi cung cấp thông tin như sau:

**1. Về việc người nhà đi cùng:**

Tôi rất tiếc, các văn bản hiện tại không đề cập đến việc người nhà có được đi cùng trong quá trình điều dưỡng tập trung hay không. Do đó, tôi không có thông tin để trả lời câu hỏi này.

**2. Về hỗ trợ tiền ăn uống, thuốc men khi điều dưỡng tập trung:**

Theo quy định tại điểm a khoản 2 Điều 6 Thông tư 101/2018/TT-BTC, trong thời gian điều dưỡng tập trung, đối tượng sẽ được h",2025-04-03 11:39:50
q7,"Em nghe nói năm ngoái có Thông tư mới về quản lý tiền chi trả cho người có công, vậy trước đây quy định ở đâu ạ?",101_2018_TT_BTC_ch4_art22_23,"49_2012_QĐ_UBND_preamble,101_2018_TT_BTC_preamble,47_2009_TTLT_BTC_BLĐTBXH_preamble,101_2018_TT_BTC_ch3_art16,49_2012_QĐ_UBND_art1_3",0.0,0.10085916519165039,3.0794901847839355,3.180349349975586,"Theo Điều 22 của Thông tư số 101/2018/TT-BTC ngày 14/11/2018, trước đây việc quản lý và sử dụng kinh phí thực hiện chính sách ưu đãi người có công với cách mạng và người trực tiếp tham gia kháng chiến do ngành Lao động - Thương binh và Xã hội quản lý được quy định tại Thông tư liên tịch số 47/2009/TTLT-BTC-BLĐTBXH ngày 11/03/2009 của Bộ Tài chính và Bộ Lao động-Thương binh và Xã hội. Thông tư số 101/2018/TT-BTC có hiệu lực từ ngày 01/01/2019 và thay thế Thông tư liên tịch số 47/2009/TTLT-BTC-BLĐ","Chào bạn, tôi là trợ lý tư vấn về chính sách người có công. Về câu hỏi của bạn, trước khi có thông tư mới nhất, việc quản lý tiền chi trả cho người có công được quy định tại các văn bản sau:

1.  **Thông tư liên tịch số 47/2009/TTLT-BTC-BLĐTBXH** ngày 11 tháng 3 năm 2009 của Bộ Tài chính - Bộ Lao động, Thương binh và Xã hội hướng dẫn cấp phát, quản lý và sử dụng kinh phí thực hiện chính sách ưu đãi người có công và người trực tiếp tham gia kháng chiến do ngành Lao động - Thương binh và Xã hội qu",2025-04-03 11:39:53
q8,Nếu người trong diện thương binh được đi điều dưỡng tại cơ sở điều dưỡng bên ngoài thì kinh phí nằm ở đâu?,101_2018_TT_BTC_ch2_art6,"101_2018_TT_BTC_ch2_art6,101_2018_TT_BTC_ch2_art10,47_2009_TTLT_BTC_BLĐTBXH_art5_6,101_2018_TT_BTC_preamble,101_2018_TT_BTC_ch1_art1_3",1.0,0.10293030738830566,4.359597206115723,4.464227914810181,"Theo điểm d, khoản 2, Điều 6 của Thông tư số 101/2018/TT-BTC: Đối với số lượng đối tượng điều dưỡng tập trung tại địa phương khác hoặc điều dưỡng tập trung tại địa phương nhưng do cơ sở điều dưỡng ngoài công lập hoặc cơ sở điều dưỡng thuộc ngành khác thực hiện, cơ quan LĐTBXH thực hiện rút dự toán để thanh toán theo hợp đồng cho các cơ sở điều dưỡng theo số lượng đối tượng điều dưỡng từng đợt theo mức chi quy định tại các điểm a, b và c khoản này. Mức chi bao gồm tiền ăn, thuốc men, quà tặng, cá","Về kinh phí điều dưỡng cho thương binh tại các cơ sở điều dưỡng bên ngoài, tôi cung cấp thông tin như sau:

**Nguồn kinh phí:**

*   **Ngân sách địa phương:** Theo Khoản 3, Điều 6 của Thông tư 101/2018/TT-BTC, chi phí đưa đón thương binh đi điều dưỡng tập trung, chi phí ăn ở phát sinh trong thời gian đi đường (đi và về) do ngân sách địa phương đảm bảo theo phân cấp ngân sách hiện hành.
*   **Ngân sách trung ương:** Theo Điều 3, Thông tư 101/2018/TT-BTC, kinh phí thực hiện các chế độ ưu đãi do ng",2025-04-03 11:39:58
q9,Tiền trợ cấp hàng tháng có phải đi Kho bạc lĩnh trực tiếp không hay có thể hợp đồng với ngân hàng để làm cái thẻ ATM cho tiện nhỉ?,101_2018_TT_BTC_ch2_art15,"47_2009_TTLT_BTC_BLĐTBXH_art9_11,101_2018_TT_BTC_ch1_art1_3,47_2009_TTLT_BTC_BLĐTBXH_art14,101_2018_TT_BTC_ch2_art15,47_2009_TTLT_BTC_BLĐTBXH_art1_2",1.0,0.09273409843444824,5.742934703826904,5.8356688022613525,"Theo Điều 15 của Thông tư số 101/2018/TT-BTC ngày 14/11/2018, cơ quan LĐTBXH có thể thực hiện chi trả chế độ cho người thụ hưởng thông qua tổ chức dịch vụ chi trả. Cụ thể, việc chi trả thông qua tổ chức dịch vụ chi trả được lập thành hợp đồng giữa cơ quan LĐTBXH và tổ chức dịch vụ chi trả, trong đó phải ghi rõ phương thức chi trả (gồm chi trả trực tiếp bằng tiền mặt, chi trả qua thẻ ATM). Chi phí làm thẻ ATM cho người thụ hưởng có yêu cầu thanh toán qua ngân hàng được tính trong chi phí quản lý ","Chào bạn, tôi là trợ lý tư vấn về chính sách người có công. Dựa trên các văn bản pháp luật hiện hành, tôi xin cung cấp thông tin về việc chi trả trợ cấp hàng tháng như sau:

**Trả lời ngắn gọn:**

Bạn không nhất thiết phải đến Kho bạc Nhà nước để nhận trợ cấp hàng tháng trực tiếp. Cơ quan Lao động - Thương binh và Xã hội (LĐTBXH) có thể ký hợp đồng với các tổ chức dịch vụ chi trả để thực hiện việc chi trả, bao gồm cả qua thẻ ATM.

**Giải thích chi tiết:**

1.  **Rút dự toán tại Kho bạc Nhà nước:",2025-04-03 11:40:04
q10,"Tôi làm kế toán ở xã, cho hỏi kinh phí để chi cho các đối tượng người có công lấy từ ngân sách nào?",101_2018_TT_BTC_ch1_art1_3,"49_2012_QĐ_UBND_preamble,47_2009_TTLT_BTC_BLĐTBXH_art12_13,101_2018_TT_BTC_ch3_art19,49_2012_QĐ_UBND_regulation_ch2_art4_5,101_2018_TT_BTC_ch3_art16",0.0,0.04762911796569824,6.880143880844116,6.9277729988098145,"Theo Điều 3 của Thông tư số 101/2018/TT-BTC ngày 14/11/2018, kinh phí thực hiện các chế độ ưu đãi người có công với cách mạng do ngân sách trung ương đảm bảo, bố trí trong dự toán chi ngân sách nhà nước của Bộ Lao động - Thương binh và Xã hội (LĐTBXH). Bộ LĐTBXH ủy quyền cho cơ quan LĐTBXH địa phương thực hiện nhiệm vụ chi. Sở LĐTBXH, Phòng LĐTBXH và các cơ sở nuôi dưỡng, điều dưỡng người có công với cách mạng mở tài khoản dự toán tại Kho bạc Nhà nước và thực hiện rút dự toán theo quy định.","Chào bạn, tôi là trợ lý tư vấn về chính sách người có công. Dựa trên thông tin bạn cung cấp, tôi xin trả lời câu hỏi của bạn như sau:

Kinh phí để chi cho các đối tượng người có công được lấy từ ngân sách nhà nước. Cụ thể:

**1. Nguồn kinh phí:**

*   Kinh phí thực hiện chính sách ưu đãi người có công được bố trí trong dự toán chi ngân sách nhà nước hàng năm của Bộ Lao động - Thương binh và Xã hội (LĐTBXH) (Điều 16, Thông tư 101/2018/TT-BTC).

**2. Hạch toán và quyết toán:**

*   Kinh phí này đư",2025-04-03 11:40:11
q11,"Ông anh tôi là thương binh, cụt một chân. Nghe nói được hỗ trợ lắp chân giả và tiền đi lại, vậy thì giờ ông ấy được hỗ trợ bao nhiêu tiền để đi làm chân giả?","101_2018_TT_BTC_ch2_art7,101_2018_TT_BTC_appendix","101_2018_TT_BTC_ch2_art7,101_2018_TT_BTC_ch2_art12_13,101_2018_TT_BTC_preamble,101_2018_TT_BTC_appendix,47_2009_TTLT_BTC_BLĐTBXH_art4",1.0,0.0642998218536377,5.362371206283569,5.426671028137207,"Theo Điều 7 Thông tư số 101/2018/TT-BTC và Phụ lục kèm theo, anh bạn sẽ được hưởng:

1. Hỗ trợ tiền mua chân giả (tùy loại):
   - Chân giả dưới gối có dây đeo số 8: 3.400.000 đồng (niên hạn 2 năm)
   - Chân giả dưới gối có bao da đùi: 3.600.000 đồng (niên hạn 2 năm)
   - Chân giả trên gối: 3.800.000 đồng (niên hạn 2 năm)
   - Chân giả tháo khớp gối: 4.340.000 đồng (niên hạn 3 năm)
   - Chân tháo khớp hông: 5.880.000 đồng (niên hạn 3 năm)

2. Hỗ trợ một lần tiền ăn và tiền tàu xe (bao gồm cả lượt","Chào bạn, tôi là trợ lý tư vấn về chính sách người có công. Dưới đây là thông tin về chế độ hỗ trợ lắp chân giả và chi phí đi lại cho thương binh bị cụt chân, được tổng hợp từ các văn bản pháp luật hiện hành:

**1. Mức hỗ trợ làm chân giả:**

*   Theo **Phụ lục** của **Thông tư 101/2018/TT-BTC**, mức tiền cấp để mua chân giả sẽ tùy thuộc vào loại chân giả mà ông anh của bạn cần:
    *   **Chân giả trên gối:** 3.800.000 đồng, niên hạn sử dụng là 2 năm.
    *   **Chân giả dưới gối có bao da đùi:**",2025-04-03 11:40:16
q12,Tôi muốn hỏi là thủ tục thăm viếng mộ liệt sĩ bây giờ theo quy định nào? Tôi nghe nói có thay đổi rồi?,101_2018_TT_BTC_ch2_art12_13,"101_2018_TT_BTC_ch2_art12_13,47_2009_TTLT_BTC_BLĐTBXH_art4,101_2018_TT_BTC_ch2_art11,63_2010_NĐ_CP_annex1,101_2018_TT_BTC_ch1_art1_3",1.0,0.0645606517791748,5.280420541763306,5.350220680236816,"Theo Điều 12 Thông tư số 101/2018/TT-BTC ngày 14/11/2018, thân nhân liệt sĩ (không quá ba người) hoặc người thờ cúng liệt sĩ được cơ quan LĐTBXH cấp giấy giới thiệu đi thăm viếng mộ liệt sĩ trong nước được hỗ trợ một lần tiền tàu xe và tiền ăn (bao gồm cả lượt đi và về), mỗi năm một lần đối với một liệt sĩ. Mức hỗ trợ theo đơn giá 2.000 đồng/km nhân với khoảng cách từ nơi cấp giấy giới thiệu đến nghĩa trang có mộ liệt sĩ hoặc địa phương nơi liệt sĩ hy sinh nhưng tối đa không quá 2.400.000 đồng/n","Chào bạn, tôi là trợ lý tư vấn về chính sách người có công. Dưới đây là thông tin về thủ tục thăm viếng mộ liệt sĩ theo quy định hiện hành, dựa trên các văn bản pháp luật mà tôi có:

**1. Hỗ trợ thăm viếng mộ liệt sĩ:**

*   **Đối tượng:** Thân nhân liệt sĩ (không quá ba người) hoặc người thờ cúng liệt sĩ.
*   **Điều kiện:** Được cơ quan LĐTBXH cấp giấy giới thiệu đi thăm viếng mộ liệt sĩ trong nước.
*   **Mức hỗ trợ:**
    *   Tiền tàu xe và tiền ăn (bao gồm cả lượt đi và về), mỗi năm một lần đ",2025-04-03 11:40:21
q13,"Tiền điều dưỡng tập trung bao nhiêu một người? Tiền ăn uống, sách báo có được bao gồm không?",101_2018_TT_BTC_ch2_art6,"101_2018_TT_BTC_ch2_art6,101_2018_TT_BTC_ch2_art10,47_2009_TTLT_BTC_BLĐTBXH_art5_6,101_2018_TT_BTC_ch2_art7,101_2018_TT_BTC_ch2_art5",1.0,0.061438798904418945,4.145903825759888,4.213818073272705,"Theo Điều 6 Thông tư số 101/2018/TT-BTC, mức chi điều dưỡng tập trung bao gồm:
1. Tiền ăn đầy đủ (ăn sáng, 2 bữa chính trưa và chiều, và ăn bồi dưỡng thêm nếu có);
2. Thuốc bổ và thuốc chữa bệnh thông thường;
3. Quà tặng cho đối tượng (bằng tiền hoặc hiện vật);
4. Các khoản chi khác phục vụ trực tiếp (gồm: khăn mặt, xà phòng, bàn chải, thuốc đánh răng, tham quan, chụp ảnh, tư vấn sức khỏe, phục hồi chức năng và các khoản chi khác) không quá 15% mức chi điều dưỡng tập trung;
5. Chi phí điện, nước","Chào bạn, tôi là trợ lý tư vấn về chính sách người có công. Dưới đây là thông tin chi tiết về tiền điều dưỡng tập trung, tiền ăn uống và sách báo dựa trên các văn bản pháp luật hiện hành:

**1. Mức chi tiền điều dưỡng tập trung:**

Mức chi điều dưỡng tập trung được quy định tại điểm a khoản 3 Điều 53 Nghị định số 31/2013/NĐ-CP (tham khảo Thông tư 101/2018/TT-BTC, Điều 6, Khoản 2, Điểm a). Khoản chi này bao gồm:

*   Tiền ăn trong thời gian điều dưỡng: Ăn sáng, ăn hai bữa chính (trưa và chiều), v",2025-04-03 11:40:26
q14,"Bọn em làm phòng tài chính ở UBND huyện Thanh Trì, em nghe nói là những khoản chi cho người có công giờ ko do UBND chi nữa mà do một đơn vị khác chi. Có đúng không ạ?",101_2018_TT_BTC_ch1_art1_3,"49_2012_QĐ_UBND_regulation_ch2_art4_5,49_2012_QĐ_UBND_preamble,49_2012_QĐ_UBND_art1_3,49_2012_QĐ_UBND_regulation_ch2_art8,47_2009_TTLT_BTC_BLĐTBXH_art12_13",0.0,0.11402297019958496,4.422502756118774,4.536525726318359,"Theo Điều 3 của Thông tư số 101/2018/TT-BTC ngày 14/11/2018, kinh phí thực hiện các chế độ quy định tại Thông tư này do ngân sách trung ương đảm bảo bố trí trong dự toán chi ngân sách nhà nước của Bộ LĐTBXH và được thực hiện như sau:
1. Bộ LĐTBXH ủy quyền cho cơ quan LĐTBXH địa phương thực hiện nhiệm vụ chi.
2. Sở LĐTBXH, Phòng LĐTBXH và các cơ sở nuôi dưỡng, điều dưỡng người có công với cách mạng mở tài khoản dự toán tại Kho bạc Nhà nước (KBNN) và thực hiện rút dự toán theo quy định.
3. Việc qu","Chào bạn,

Tôi là trợ lý tư vấn về chính sách người có công. Dựa trên thông tin bạn cung cấp và các văn bản pháp luật hiện hành, tôi xin trả lời câu hỏi của bạn như sau:

**Trả lời ngắn gọn:**

Đúng là có sự thay đổi về đơn vị chi trả một số khoản cho người có công. Hiện nay, việc chi trả được thực hiện thông qua Phòng Lao động - Thương binh và Xã hội cấp quận/huyện, chuyển về tài khoản tiền gửi của UBND phường/xã/thị trấn để chi trả trực tiếp đến đối tượng.

**Giải thích chi tiết:**

Trước đây,",2025-04-03 11:40:30
q15,"Tôi làm ở phòng LĐ-TB-XH quận Thanh Xuân. Tiền trợ cấp cho người có công của quận đang thừa, quận bên lại thiếu. Vậy có chuyển được từ quận này sang quận khác không?",101_2018_TT_BTC_ch3_art18,"49_2012_QĐ_UBND_regulation_ch2_art6_7,49_2012_QĐ_UBND_regulation_ch2_art8,101_2018_TT_BTC_ch2_art15,101_2018_TT_BTC_ch2_art7,49_2012_QĐ_UBND_art1_3",0.0,0.12666964530944824,5.705331802368164,5.832001447677612,"Theo Điều 18 Thông tư số 101/2018/TT-BTC ngày 14/11/2018, việc điều chỉnh dự toán trong nội bộ tỉnh được quy định như sau: Giám đốc Sở LĐTBXH quyết định việc điều chỉnh dự toán kinh phí giữa các đơn vị sử dụng ngân sách (Phòng LĐTBXH, cơ sở nuôi dưỡng, điều dưỡng người có công với cách mạng) và phần kinh phí chi tại Sở trong phạm vi dự toán đã được Bộ trưởng Bộ LĐTBXH giao. Sở LĐTBXH xem xét sự cần thiết, căn cứ điều chỉnh, kiểm tra số dư dự toán của các đơn vị sử dụng ngân sách có liên quan để ","Chào bạn, rất vui được hỗ trợ bạn trong lĩnh vực chính sách người có công. Dựa trên các văn bản pháp luật hiện hành, tôi xin trả lời câu hỏi của bạn như sau:

Việc chuyển tiền trợ cấp **từ quận này sang quận khác** cần tuân thủ các quy định về quản lý kinh phí và đối tượng thụ hưởng. Hiện tại, tôi không tìm thấy quy định nào cho phép chuyển trực tiếp kinh phí giữa các quận khi một quận thừa, quận khác thiếu. Tuy nhiên, tôi có thể cung cấp thông tin về việc quản lý kinh phí và chi trả để bạn tham",2025-04-03 11:40:36
q16,"Chào, tôi làm thủ tục về người có công ở phường 1. Nhà nước có quy định gì về việc sử dụng dư dự toán cuối năm không? Không biết có được kết chuyển sang năm sau không?",101_2018_TT_BTC_ch3_art20_21,"47_2009_TTLT_BTC_BLĐTBXH_art9_11,47_2009_TTLT_BTC_BLĐTBXH_art12_13,101_2018_TT_BTC_ch3_art17,63_2010_NĐ_CP_annex1,101_2018_TT_BTC_ch3_art18",0.0,0.06368088722229004,5.2122931480407715,5.280589818954468,"Theo Điều 20, Khoản 1 của Thông tư số 101/2018/TT-BTC ngày 14/11/2018: 'Việc xử lý số dư kinh phí chi thực hiện chính sách ưu đãi người có công với cách mạng và người trực tiếp tham gia kháng chiến do ngành LĐTBXH quản lý cuối năm thực hiện theo quy định tại Điều 43 Nghị định số 163/2016/NĐ-CP ngày 21 tháng 12 năm 2016 của Chính phủ quy định chi tiết thi hành một số điều của Luật Ngân sách nhà nước.'

Ngoài ra, theo Điều 2, Khoản 2 của Thông tư này: 'Số dư dự toán kinh phí thực hiện chính sách ư","Chào bạn, tôi là trợ lý tư vấn về chính sách người có công. Dựa trên thông tin bạn cung cấp, tôi xin trả lời câu hỏi của bạn như sau:

Về việc sử dụng dự toán còn dư cuối năm và việc kết chuyển sang năm sau, tôi xin cung cấp thông tin như sau:

**1. Về điều chỉnh dự toán:**

*   **Điều chỉnh trong nội bộ tỉnh:** Giám đốc Sở Lao động - Thương binh và Xã hội (LĐTBXH) có quyền quyết định điều chỉnh dự toán giữa các đơn vị sử dụng ngân sách trực thuộc (Phòng LĐTBXH, cơ sở nuôi dưỡng, điều dưỡng) và ",2025-04-03 11:40:41
q17,Cơ quan nào có thẩm quyền chuyển dự toán giữa các tỉnh vậy?,101_2018_TT_BTC_ch3_art18,"101_2018_TT_BTC_ch3_art18,101_2018_TT_BTC_ch3_art17,47_2009_TTLT_BTC_BLĐTBXH_art9_11,47_2009_TTLT_BTC_BLĐTBXH_art12_13,48_2013_NĐ_CP_art5",1.0,0.08594322204589844,4.987403869628906,5.073347091674805,"Theo quy định tại Khoản 2, Điều 18 của Thông tư số 101/2018/TT-BTC ngày 14/11/2018: 'Bộ trưởng Bộ LĐTBXH quyết định điều chỉnh dự toán giữa các Sở LĐTBXH trong phạm vi dự toán đã được cấp có thẩm quyền giao. Bộ LĐTBXH xem xét sự cần thiết, căn cứ điều chỉnh, kiểm tra số dư dự toán của các đơn vị sử dụng ngân sách có liên quan để quyết định điều chỉnh dự toán. Quyết định điều chỉnh dự toán được gửi đến Sở LĐTBXH, KBNN cấp tỉnh có liên quan để thực hiện và gửi Bộ Tài chính để kiểm tra và phê duyệt","Theo các văn bản pháp luật hiện hành về chính sách ưu đãi người có công, thẩm quyền chuyển dự toán giữa các tỉnh thuộc về **Bộ trưởng Bộ Lao động - Thương binh và Xã hội (LĐTBXH)**.

**Giải thích chi tiết:**

*   **Điều chỉnh dự toán giữa các tỉnh:** Bộ trưởng Bộ LĐTBXH là người có thẩm quyền quyết định việc điều chỉnh dự toán giữa các Sở LĐTBXH trong phạm vi dự toán đã được cấp có thẩm quyền giao (Theo khoản 2, Điều 18, Thông tư 101/2018/TT-BTC).
*   **Trình tự thực hiện:**
    1.  Sở LĐTBXH tỉ",2025-04-03 11:40:46
q18,"Mẹ chồng em là liệt sĩ, năm nay em đưa bà về quê an táng nhưng được hỗ trợ thấp quá. Chỗ em từ TPHCM ra Quảng Trị mà chỉ được 2,4 triệu thôi, em thấy mắc cả vé máy bay, tiền ăn các thứ nữa. Cho em hỏi có quy định nào khác về mức hỗ trợ không ạ?","101_2018_TT_BTC_ch2_art12_13,101_2018_TT_BTC_ch2_art6","101_2018_TT_BTC_ch2_art12_13,101_2018_TT_BTC_ch1_art1_3,101_2018_TT_BTC_ch2_art7,47_2009_TTLT_BTC_BLĐTBXH_art4,101_2018_TT_BTC_ch2_art11",0.5,0.11180758476257324,4.839807510375977,4.952614068984985,"Theo Điều 13 và Khoản 3 Điều 6 của Thông tư số 101/2018/TT-BTC ngày 14/11/2018, mức hỗ trợ tiền tàu xe và tiền ăn đối với thân nhân liệt sĩ khi di chuyển hài cốt liệt sĩ tối đa là 2.400.000 đồng/người (đã là mức cao nhất theo quy định), cộng với khoản hỗ trợ kinh phí cất bốc và di chuyển 4.000.000 đồng cho một bộ hài cốt liệt sĩ. 

Tuy nhiên, tại Khoản 3 Điều 6 có quy định: 'Căn cứ khả năng cân đối ngân sách địa phương và tình hình thực tế, Hội đồng nhân dân tỉnh, thành phố trực thuộc Trung ương","Chào bạn, tôi là trợ lý tư vấn về chính sách ưu đãi người có công. Dưới đây là thông tin về hỗ trợ di chuyển hài cốt liệt sĩ theo quy định hiện hành:

**1. Mức hỗ trợ di chuyển hài cốt liệt sĩ:**

*   **Tiền tàu xe và tiền ăn:** Hỗ trợ cho thân nhân liệt sĩ (tối đa 3 người) theo mức 2.000 đồng/km, tính từ nơi cấp giấy giới thiệu đến nghĩa trang hoặc địa phương nơi liệt sĩ hy sinh, nhưng tối đa không quá 2.400.000 đồng/người.
*   **Chi phí cất bốc và di chuyển:** 4.000.000 đồng/bộ hài cốt.
*   **",2025-04-03 11:40:51
q19,Thủ tục thực hiện chế độ bảo hiểm y tế cho người tham gia kháng chiến chống Mỹ như thế nào?,"101_2018_TT_BTC_ch1_art1_3,101_2018_TT_BTC_ch2_art5,1766_2020_QĐ_UBND_annex_tthc_bai_bo","101_2018_TT_BTC_ch2_art5,47_2009_TTLT_BTC_BLĐTBXH_art3,101_2018_TT_BTC_ch1_art1_3,101_2018_TT_BTC_ch2_art4,101_2018_TT_BTC_preamble",0.6666666666666666,0.12155389785766602,2.919435977935791,3.040989875793457,"Theo Điều 5 Thông tư số 101/2018/TT-BTC ngày 14/11/2018, thủ tục thực hiện chế độ bảo hiểm y tế cho đối tượng như sau:

1. Hằng quý, cơ quan LĐTBXH căn cứ danh sách đối tượng đóng bảo hiểm y tế đã được rà soát, đối chiếu với cơ quan bảo hiểm xã hội làm thủ tục rút dự toán kinh phí tại KBNN để chuyển kinh phí vào quỹ bảo hiểm y tế.

2. Số tiền đóng, phương thức đóng bảo hiểm y tế hằng quý thực hiện theo quy định của pháp luật về bảo hiểm y tế.

Tuy nhiên, theo Điều 1, Khoản 2, điểm đ của Thông tư","Về thủ tục thực hiện chế độ bảo hiểm y tế cho người tham gia kháng chiến chống Mỹ, tôi cung cấp thông tin như sau:

**1. Đối tượng được cấp thẻ bảo hiểm y tế:**

*   Người đang hưởng chế độ trợ cấp, phụ cấp hàng tháng.
*   Người không hưởng trợ cấp hàng tháng thuộc đối tượng thanh niên xung phong thời kỳ kháng chiến chống Pháp theo Quyết định số 170/2008/QĐ-TTg.

**2. Thủ tục thực hiện:**

*   Hàng quý, cơ quan LĐTBXH rà soát danh sách đối tượng đóng bảo hiểm y tế.
*   Cơ quan LĐTBXH đối chiếu v",2025-04-03 11:40:54
q20,Khi kiểm soát thủ tục hành chính thì cơ quan nào có trách nhiệm tham mưu cho UBND tỉnh vậy?,"63_2010_ND_CP,48_2013_ND_CP","48_2013_NĐ_CP_art1_part1,48_2013_NĐ_CP_art4,63_2010_NĐ_CP_preamble,63_2010_NĐ_CP_ch3_art20_22,63_2010_NĐ_CP_ch2_art10_11",0.0,0.07949352264404297,3.3126118183135986,3.3930792808532715,"Theo Khoản 3 Điều 1 Nghị định số 48/2013/NĐ-CP ngày 14/5/2013 sửa đổi Điều 5 của Nghị định số 63/2010/NĐ-CP về kiểm soát thủ tục hành chính: 'Sở Tư pháp có chức năng tham mưu, giúp Ủy ban nhân dân tỉnh, thành phố trực thuộc Trung ương thực hiện quản lý nhà nước về công tác kiểm soát thủ tục hành chính tại địa phương. Phòng Kiểm soát thủ tục hành chính thuộc Sở Tư pháp có chức năng tham mưu, giúp Giám đốc Sở Tư pháp tổ chức thực hiện công tác kiểm soát thủ tục hành chính.'","Theo quy định hiện hành, Sở Tư pháp là cơ quan có trách nhiệm tham mưu, giúp UBND cấp tỉnh thực hiện quản lý nhà nước về công tác kiểm soát thủ tục hành chính tại địa phương.

**Giải thích chi tiết:**

*   **Điều 5, Nghị định 63/2010/NĐ-CP (sửa đổi bởi Nghị định 48/2013/NĐ-CP)** quy định:
    *   Sở Tư pháp có chức năng tham mưu, giúp UBND tỉnh, thành phố trực thuộc Trung ương thực hiện quản lý nhà nước về công tác kiểm soát thủ tục hành chính tại địa phương.
    *   Phòng Kiểm soát thủ tục hành",2025-04-03 11:40:58
q21,Ở địa phương tôi có một số thủ tục hành chính đã thay đổi. Thời hạn để công bố thủ tục hành chính mới theo quy định là bao lâu?,48_2013_ND_CP,"63_2010_NĐ_CP_ch3_art16_19,48_2013_NĐ_CP_art1_part2,63_2010_NĐ_CP_annex1,63_2010_NĐ_CP_ch3_art12_15,63_2010_NĐ_CP_ch7_art36_37",0.0,0.10559463500976562,3.1852543354034424,3.290848970413208,"Theo Khoản 5 Điều 1 Nghị định số 48/2013/NĐ-CP ngày 14/5/2013 sửa đổi Điều 15 của Nghị định số 63/2010/NĐ-CP về thời hạn ban hành quyết định công bố thủ tục hành chính:

'Quyết định công bố thủ tục hành chính của các cơ quan quy định tại Khoản 1 Điều 13 của Nghị định này phải được ban hành chậm nhất trước 20 (hai mươi) ngày làm việc tính đến ngày văn bản quy phạm pháp luật có quy định về thủ tục hành chính có hiệu lực thi hành.

Quyết định công bố thủ tục hành chính của các cơ quan quy định tại ","Chào bạn, tôi là trợ lý tư vấn về chính sách người có công, rất vui được hỗ trợ bạn. Dưới đây là thông tin về thời hạn công bố thủ tục hành chính mới theo quy định hiện hành:

**Thời hạn công bố thủ tục hành chính:**

Thời hạn để ban hành quyết định công bố thủ tục hành chính được quy định như sau:

*   **Đối với các Bộ, cơ quan ngang Bộ:** Quyết định phải được ban hành chậm nhất **trước 20 ngày làm việc**, tính đến ngày văn bản quy phạm pháp luật có quy định về thủ tục hành chính có hiệu lực th",2025-04-03 11:41:01
q22,"Nhà tôi có ông nội là thương binh sắp đi điều dưỡng tại trung tâm, nhưng ông đang nằm viện. Chúng tôi có thể hoãn không ạ?",101_2018_TT_BTC_ch2_art6,"101_2018_TT_BTC_ch2_art5,47_2009_TTLT_BTC_BLĐTBXH_art4,101_2018_TT_BTC_ch2_art6,101_2018_TT_BTC_preamble,101_2018_TT_BTC_ch2_art7",1.0,0.14489412307739258,4.1645708084106445,4.309464931488037,"Theo Khoản 2, điểm d Điều 6 Thông tư số 101/2018/TT-BTC: 'Đối với trường hợp đối tượng không tiếp tục thực hiện điều dưỡng tập trung vì lý do khách quan thì cơ quan LĐTBXH thanh quyết toán cho cơ sở điều dưỡng tiền ăn, các khoản chi phí tại các điểm b và c khoản này theo số ngày thực tế đối tượng điều dưỡng tại cơ sở điều dưỡng; các khoản chi tiền thuốc, quà tặng (như đối tượng đi cả đợt) và các khoản chi khác phục vụ trực tiếp cho đối tượng trong thời gian điều dưỡng tại cơ sở. Trường hợp đối t","Chào bạn, tôi là trợ lý tư vấn về chính sách ưu đãi dành cho người có công. Dựa trên thông tin bạn cung cấp, tôi xin trả lời như sau:

Việc hoãn điều dưỡng cho thương binh khi đang nằm viện có thể được xem xét.

**Giải thích chi tiết:**

*   **Điều dưỡng phục hồi sức khỏe là một chế độ ưu đãi:** Theo Khoản 5, Điều 4 của Thông tư liên tịch 47/2009/TTLT-BTC-BLĐTBXH, điều trị, điều dưỡng phục hồi sức khỏe, chức năng lao động là một trong những khoản chi ưu đãi.
*   **Xử lý khi đối tượng không thể t",2025-04-03 11:41:05
q23,Đến cuối năm mà chưa chi xong kinh phí thì có phải nộp lại không chị?,101_2018_TT_BTC_ch3_art20_21,"101_2018_TT_BTC_ch3_art20_21,101_2018_TT_BTC_ch2_art15,47_2009_TTLT_BTC_BLĐTBXH_art12_13,101_2018_TT_BTC_ch3_art18,49_2012_QĐ_UBND_regulation_ch2_art9",1.0,0.11073112487792969,3.870051622390747,3.9807827472686768,"Theo Điều 20 Thông tư số 101/2018/TT-BTC ngày 14/11/2018, về xử lý kinh phí cuối năm:

1. Việc xử lý số dư kinh phí chi thực hiện chính sách ưu đãi người có công với cách mạng và người trực tiếp tham gia kháng chiến do ngành LĐTBXH quản lý cuối năm thực hiện theo quy định tại Điều 43 Nghị định số 163/2016/NĐ-CP ngày 21 tháng 12 năm 2016 của Chính phủ quy định chi tiết thi hành một số điều của Luật Ngân sách nhà nước.

2. Thời hạn chi, tạm ứng và hạch toán các khoản chi ngân sách thực hiện theo q","Chào bạn, tôi là trợ lý tư vấn về chính sách ưu đãi người có công. Dưới đây là thông tin về việc xử lý kinh phí cuối năm dựa trên các văn bản pháp luật hiện hành:

**Trả lời ngắn gọn:**

Theo quy định hiện hành, việc xử lý số dư kinh phí chi cho chính sách ưu đãi người có công vào cuối năm sẽ tuân theo Điều 43 của Nghị định 163/2016/NĐ-CP và các quy định tại khoản 2 Điều 26 Thông tư 342/2016/TT-BTC.

**Giải thích chi tiết:**

1.  **Xử lý số dư kinh phí:**
    *   Việc xử lý số dư kinh phí chi ch",2025-04-03 11:41:09
q24,"Tôi có chồng mất vì chiến đấu, thủ tục xác nhận liệt sĩ còn chậm nên tôi đã lo chi phí mai táng. Nghe nói được hỗ trợ tiền mai táng phí, vậy mức hiện giờ là bao nhiêu?",101_2018_TT_BTC_ch2_art9,"101_2018_TT_BTC_ch2_art12_13,47_2009_TTLT_BTC_BLĐTBXH_art4,101_2018_TT_BTC_ch2_art11,101_2018_TT_BTC_ch1_art1_3,101_2018_TT_BTC_ch3_art19",0.0,0.11079764366149902,3.7894983291625977,3.900783061981201,"Theo quy định tại Điều 9 của Thông tư số 101/2018/TT-BTC ngày 14/11/2018 về các khoản chi ưu đãi khác, trợ cấp mai táng là một trong các khoản chi trực tiếp cho người thụ hưởng (tại điểm đ, khoản 1). Tuy nhiên, Thông tư này không quy định cụ thể mức trợ cấp mai táng phí cho từng đối tượng, mà chỉ quy định chung về quản lý và sử dụng kinh phí. Mức chi cụ thể được quy định trong các văn bản chuyên ngành của Bộ Lao động-Thương binh và Xã hội. 

Để biết chính xác mức trợ cấp mai táng phí cho liệt sĩ","Chào bạn, tôi là trợ lý tư vấn về chính sách ưu đãi trong lĩnh vực người có công. Dưới đây là thông tin về trợ cấp mai táng phí mà bạn có thể được hưởng, dựa trên các văn bản pháp luật hiện hành:

**1. Trợ cấp mai táng phí**

Bạn sẽ được nhận trợ cấp mai táng phí khi chồng bạn được xác nhận là liệt sĩ. Khoản trợ cấp này thuộc nhóm các khoản chi ưu đãi khác dành cho người có công. (Theo Khoản 4, Điều 4, Thông tư liên tịch 47/2009/TTLT-BTC-BLĐTBXH).

**2. Mức trợ cấp mai táng phí**

Hiện tại, tôi ",2025-04-03 11:41:13
q25,Tôi được cấp tiền mua xe lăn 5 năm rồi mà giờ xe bị hỏng. Vậy có được hỗ trợ sửa chữa không?,"101_2018_TT_BTC_ch2_art7,101_2018_TT_BTC_appendix","101_2018_TT_BTC_ch2_art7,47_2009_TTLT_BTC_BLĐTBXH_art4,101_2018_TT_BTC_appendix,101_2018_TT_BTC_ch2_art12_13,101_2018_TT_BTC_ch2_art4",1.0,0.09722709655761719,4.315915822982788,4.414304256439209,"Theo quy định tại Phụ lục mức tiền cấp mua phương tiện trợ giúp, dụng cụ chỉnh hình, vật phẩm phụ và vật dụng khác ban hành kèm theo Thông tư số 101/2018/TT-BTC, tại mục 24: 'Bảo trì phương tiện đối với trường hợp được cấp tiền mua xe lăn, xe lắc' với mức chi là 350.000 đồng/năm. 

Ngoài ra, theo Phụ lục này, niên hạn cấp đối với xe lăn tay là 4 năm, nghĩa là sau 4 năm sử dụng, bạn có thể được xem xét cấp mới. Vì xe của bạn đã sử dụng được 5 năm, đã quá niên hạn cấp mới, bạn có thể làm thủ tục đ","Dựa trên các văn bản pháp luật hiện hành về chính sách ưu đãi người có công, tôi xin trả lời câu hỏi của bạn như sau:

**Trả lời ngắn gọn:**

Thông thường, bạn sẽ không được hỗ trợ sửa chữa xe lăn đã được cấp tiền mua trước đó. Thay vào đó, bạn sẽ được cấp tiền mua xe lăn mới theo niên hạn sử dụng quy định.

**Giải thích chi tiết:**

1.  **Cấp tiền mua phương tiện:** Theo điểm a khoản 1 Điều 7 Thông tư 101/2018/TT-BTC, Nhà nước cấp tiền để bạn tự mua phương tiện trợ giúp (trong trường hợp này là",2025-04-03 11:41:18
q26,"Tôi nghe nói có tiền quà tặng của Chủ tịch nước, vậy ai được nhận quà này và mức tặng là bao nhiêu?",101_2018_TT_BTC_ch2_art9,"47_2009_TTLT_BTC_BLĐTBXH_art4,101_2018_TT_BTC_ch2_art7,48_2013_NĐ_CP_art5,101_2018_TT_BTC_ch2_art12_13,101_2018_TT_BTC_preamble",0.0,0.09902644157409668,2.6066367626190186,2.7056632041931152,"Theo quy định tại Điều 9, Khoản 1, điểm b của Thông tư số 101/2018/TT-BTC ngày 14/11/2018, 'Quà tặng của Chủ tịch nước' là một trong các khoản chi trực tiếp cho người thụ hưởng theo chính sách ưu đãi người có công với cách mạng. 

Đối tượng được nhận quà tặng là các đối tượng người có công với cách mạng theo quy định tại Điều 2 của Pháp lệnh ưu đãi người có công với cách mạng.

Tuy nhiên, Thông tư 101/2018/TT-BTC không quy định cụ thể mức quà tặng, vì mức này thường do Chủ tịch nước quyết định t","Chào bạn, tôi là trợ lý tư vấn về chính sách ưu đãi người có công. Dưới đây là thông tin về quà tặng của Chủ tịch nước dành cho người có công, dựa trên các văn bản pháp luật hiện hành:

**Thông tin chung:**

*   Chính sách quà tặng của Chủ tịch nước là một trong những hình thức ưu đãi của Nhà nước dành cho người có công.
*   Khoản chi này nằm trong các khoản chi ưu đãi khác, được quy định tại **Điều 4, Thông tư liên tịch 47/2009/TTLT-BTC-BLĐTBXH**.

**Nội dung chi tiết:**

Thông tư liên tịch 47/",2025-04-03 11:41:20
q27,"Tôi đang công tác ở phường, phụ trách chi tiền trợ cấp người có công. Trường hợp người nhận không trực tiếp nhận được thì làm thế nào?",49_2012_QĐ_UBND_regulation_ch2_art8,"49_2012_QĐ_UBND_regulation_ch2_art8,101_2018_TT_BTC_ch2_art15,49_2012_QĐ_UBND_preamble,101_2018_TT_BTC_ch2_art4,49_2012_QĐ_UBND_regulation_ch2_art6_7",1.0,0.11239099502563477,3.8786044120788574,3.9919934272766113,"Theo Khoản 6, Điều 8 của Quyết định số 49/2012/QĐ-UBND ngày 23/10/2012 về quy chế quản lý kinh phí chi thực hiện chính sách ưu đãi người có công: 'Tất cả các đối tượng được hưởng trợ cấp ưu đãi người có công và người trực tiếp tham gia kháng chiến nếu không trực tiếp đến nhận trợ cấp thì phải có giấy ủy quyền cho thân nhân. Giấy ủy quyền phải có xác nhận của Ủy ban nhân dân phường-xã, thị trấn và thời hạn ủy quyền do các bên thỏa thuận và hiệu lực không quá một năm kể từ ngày xác lập việc ủy quy","Về việc chi trả trợ cấp cho người có công khi người nhận không thể trực tiếp nhận, dưới đây là hướng dẫn chi tiết dựa trên các quy định hiện hành:

**1. Ủy quyền nhận trợ cấp:**

*   Người có công không trực tiếp đến nhận trợ cấp phải có giấy ủy quyền cho thân nhân.
*   Giấy ủy quyền cần được xác nhận bởi UBND phường, xã, thị trấn.
*   Thời hạn ủy quyền do các bên thỏa thuận, nhưng không quá một năm kể từ ngày xác lập (Điều 8.6, Quyết định 49/2012/QĐ-UBND).

**2. Chi trả qua tổ chức dịch vụ chi ",2025-04-03 11:41:24
q28,Tiền trợ cấp ưu đãi giáo dục thì có phải đóng thuế thu nhập cá nhân không?,101_2018_TT_BTC_ch2_art9,"101_2018_TT_BTC_ch2_art5,101_2018_TT_BTC_ch3_art20_21,101_2018_TT_BTC_ch1_art1_3,101_2018_TT_BTC_ch2_art4,49_2012_QĐ_UBND_preamble",0.0,0.09504556655883789,2.1105144023895264,2.2055599689483643,"Theo quy định tại Điều 9, Khoản 1, điểm d của Thông tư số 101/2018/TT-BTC ngày 14/11/2018, trợ cấp ưu đãi trong giáo dục, đào tạo là một trong các khoản chi trực tiếp cho người thụ hưởng theo chính sách ưu đãi người có công với cách mạng. Khoản trợ cấp này thuộc diện được ngân sách nhà nước đảm bảo để thực hiện chính sách xã hội.

Theo quy định của Luật Thuế thu nhập cá nhân và các văn bản hướng dẫn thi hành, các khoản trợ cấp từ ngân sách nhà nước thuộc diện được miễn thuế thu nhập cá nhân. Do ","Tôi là trợ lý tư vấn về chính sách ưu đãi người có công, không phải người có công với cách mạng. Về câu hỏi của bạn liên quan đến việc tiền trợ cấp ưu đãi giáo dục có phải đóng thuế thu nhập cá nhân không, tôi rất tiếc vì không có thông tin về vấn đề này trong các văn bản pháp luật hiện tại mà tôi được cung cấp.",2025-04-03 11:41:27
q29,"Kính chào cán bộ, em xin hỏi làm dụng cụ chỉnh hình thì hỗ trợ tiền tàu xe như thế nào ạ?",101_2018_TT_BTC_ch2_art7,"101_2018_TT_BTC_ch2_art7,47_2009_TTLT_BTC_BLĐTBXH_art4,101_2018_TT_BTC_appendix,101_2018_TT_BTC_ch2_art12_13,63_2010_NĐ_CP_annex1",1.0,0.10320615768432617,3.3028194904327393,3.4060256481170654,"Theo quy định tại Điều 7, Khoản 2, điểm a của Thông tư số 101/2018/TT-BTC ngày 14/11/2018: 'Đối tượng được hưởng chế độ cấp phương tiện trợ giúp, dụng cụ chỉnh hình khi đi làm dụng cụ chỉnh hình, phương tiện trợ giúp được hỗ trợ một lần tiền ăn và tiền tàu xe (bao gồm cả lượt đi và về), mỗi niên hạn 01 lần. Mức hỗ trợ theo đơn giá 5.000 đồng/km nhân với khoảng cách từ nơi cư trú đến cơ sở y tế gần nhất đủ điều kiện về chuyên môn kỹ thuật cung cấp dụng cụ chỉnh hình, nhưng tối đa không quá 1.400.","Chào bạn, tôi là trợ lý tư vấn về chính sách người có công. Dựa trên thông tin bạn cung cấp, tôi xin giải đáp thắc mắc của bạn về chế độ hỗ trợ tiền tàu xe khi làm dụng cụ chỉnh hình như sau:

**Đối tượng được hưởng và mức hỗ trợ:**

Khi đi làm dụng cụ chỉnh hình, bạn sẽ được hỗ trợ tiền tàu xe (bao gồm cả lượt đi và về) và tiền ăn. Chế độ này được áp dụng mỗi năm một lần.
Mức hỗ trợ được tính như sau: 5.000 đồng/km nhân với khoảng cách từ nơi bạn cư trú đến cơ sở y tế gần nhất có đủ điều kiện c",2025-04-03 11:41:30
q30,Nhà tôi có ông nội là thương binh loại A. Bây giờ nếu ông tôi mất thì mai táng phí có được hỗ trợ từ ngân sách nào?,"101_2018_TT_BTC_ch1_art1_3,101_2018_TT_BTC_ch2_art9","47_2009_TTLT_BTC_BLĐTBXH_art4,101_2018_TT_BTC_ch1_art1_3,101_2018_TT_BTC_ch2_art12_13,47_2009_TTLT_BTC_BLĐTBXH_art3,101_2018_TT_BTC_preamble",0.5,0.10648131370544434,4.692892074584961,4.799373388290405,"Theo Điều 3 của Thông tư số 101/2018/TT-BTC ngày 14/11/2018, kinh phí thực hiện các chế độ ưu đãi người có công với cách mạng, bao gồm cả trợ cấp mai táng phí cho thương binh loại A, do ngân sách Trung ương đảm bảo, được bố trí trong dự toán chi ngân sách nhà nước của Bộ Lao động-Thương binh và Xã hội. Bộ LĐTBXH ủy quyền cho cơ quan LĐTBXH địa phương thực hiện nhiệm vụ chi.

Tại Điều 9, Khoản 1, điểm đ của Thông tư này cũng quy định rõ trợ cấp mai táng là một trong các khoản chi trực tiếp cho ng","Chào bạn, tôi là trợ lý tư vấn về chính sách ưu đãi cho người có công và người trực tiếp tham gia kháng chiến. Dưới đây là thông tin về trợ cấp mai táng phí cho thân nhân người có công, cụ thể là thương binh, khi qua đời:

**1. Trợ cấp mai táng phí:**

*   **Đối tượng:** Thân nhân của người có công (trong trường hợp này là thương binh) sẽ được nhận trợ cấp mai táng phí khi người có công qua đời.
*   **Nguồn kinh phí:** Ngân sách trung ương đảm bảo, bố trí trong dự toán chi ngân sách nhà nước của",2025-04-03 11:41:35
Q31,"Tôi đang làm thủ tục chi trả trợ cấp cho bố tôi là thương binh, không biết giờ phải làm theo thông tư nào vậy?","101_2018_TT_BTC_preamble,101_2018_TT_BTC_ch4_art22_23","101_2018_TT_BTC_ch1_art1_3,49_2012_QĐ_UBND_regulation_ch2_art8,101_2018_TT_BTC_ch2_art4,47_2009_TTLT_BTC_BLĐTBXH_art4,49_2012_QĐ_UBND_regulation_ch2_art9",0.0,0.09575510025024414,4.151748418807983,4.2475035190582275,Thông tư số 101/2018/TT-BTC ngày 14/11/2018 của Bộ Tài chính quy định về quản lý và sử dụng kinh phí thực hiện chính sách ưu đãi người có công với cách mạng,"Để thực hiện thủ tục chi trả trợ cấp thương binh cho bố bạn, hiện nay có một số văn bản pháp luật hướng dẫn liên quan. Tuy nhiên, để xác định chính xác thông tư nào áp dụng trực tiếp, cần xem xét cụ thể loại trợ cấp, thời điểm phát sinh và các yếu tố liên quan khác.

Dưới đây là một số thông tin tổng quan và trích dẫn từ các văn bản có thể liên quan:

**1. Về quản lý và sử dụng kinh phí:**

*   **Thông tư 101/2018/TT-BTC** (hiệu lực từ 01/01/2019) quy định về quản lý và sử dụng kinh phí thực hiệ",2025-04-03 11:41:39
Q32,Ai chịu trách nhiệm chi trả tiền trợ cấp cho gia đình liệt sĩ ở TPHCM vậy?,49_2012_QĐ_UBND_regulation_ch2_art8,"101_2018_TT_BTC_ch1_art1_3,101_2018_TT_BTC_ch2_art4,101_2018_TT_BTC_ch2_art12_13,47_2009_TTLT_BTC_BLĐTBXH_art4,101_2018_TT_BTC_ch2_art11",0.0,0.1064920425415039,4.731617212295532,4.841628313064575,"UBND phường-xã, thị trấn có trách nhiệm trực tiếp quản lý đối tượng, tiền mặt và các khoản chi trợ cấp ưu đãi người có công trên địa bàn","Dựa trên các văn bản pháp luật được cung cấp, tôi có thể cung cấp thông tin về việc chi trả tiền trợ cấp cho gia đình liệt sĩ như sau:

**1. Trách nhiệm chi trả:**

*   Bộ Lao động - Thương binh và Xã hội (LĐTBXH) ủy quyền cho cơ quan LĐTBXH địa phương thực hiện nhiệm vụ chi trả các chế độ ưu đãi. (Điều 3, Thông tư 101/2018/TT-BTC)
*   Như vậy, Sở LĐTBXH và Phòng LĐTBXH sẽ là những đơn vị trực tiếp thực hiện chi trả tiền trợ cấp cho gia đình liệt sĩ tại TP.HCM. (Điều 3, Thông tư 101/2018/TT-BTC)",2025-04-03 11:41:44
Q33,Quy định mới nhất về chi điều dưỡng phục hồi sức khỏe cho thương binh như thế nào?,101_2018_TT_BTC_ch2_art6,"47_2009_TTLT_BTC_BLĐTBXH_art3,101_2018_TT_BTC_ch2_art6,47_2009_TTLT_BTC_BLĐTBXH_art4,101_2018_TT_BTC_ch2_art4,101_2018_TT_BTC_ch2_art7",1.0,0.09601235389709473,5.234742879867554,5.330755233764648,Chi chế độ điều dưỡng phục hồi sức khỏe được quy định tại Điều 6 Thông tư số 101/2018/TT-BTC với hai hình thức: điều dưỡng tại nhà và điều dưỡng tập trung,"Dưới đây là thông tin về chi điều dưỡng phục hồi sức khỏe cho **thương binh** theo quy định hiện hành:

**1. Các hình thức điều dưỡng và mức chi:**

*   **Điều dưỡng tại nhà:** Mức chi được thực hiện theo quy định tại điểm b khoản 3 Điều 53 Nghị định số 31/2013/NĐ-CP. Chi trực tiếp cho đối tượng được hưởng (theo Thông tư 101/2018/TT-BTC).
*   **Điều dưỡng tập trung:** Mức chi được thực hiện theo quy định tại điểm a khoản 3 Điều 53 Nghị định số 31/2013/NĐ-CP (theo Thông tư 101/2018/TT-BTC), bao g",2025-04-03 11:41:49
Q34,Khi lập dự toán kinh phí trợ cấp người có công thì Phòng Lao động - Thương binh và Xã hội cần gửi cho Sở khi nào?,101_2018_TT_BTC_ch3_art16,"101_2018_TT_BTC_ch3_art16,47_2009_TTLT_BTC_BLĐTBXH_art7_8,49_2012_QĐ_UBND_regulation_ch2_art9,49_2012_QĐ_UBND_regulation_ch2_art4_5,47_2009_TTLT_BTC_BLĐTBXH_art12_13",1.0,0.06755375862121582,2.1304383277893066,2.1979920864105225,"Phòng Lao động - Thương binh và Xã hội quận, huyện phải lập dự toán kinh phí gửi Sở Lao động - Thương binh và Xã hội trước ngày 20 tháng 6 hằng năm","Phòng Lao động - Thương binh và Xã hội cần gửi dự toán kinh phí trợ cấp cho Sở Lao động - Thương binh và Xã hội trước ngày **20 tháng 6 hàng năm**.

**Giải thích chi tiết:**

*   **Thời hạn nộp dự toán:** Các văn bản pháp luật hiện hành đều thống nhất về thời hạn Phòng LĐTBXH phải nộp dự toán kinh phí cho Sở LĐTBXH là trước ngày 20 tháng 6 hàng năm.
*   **Căn cứ pháp lý:**
    *   Thông tư 101/2018/TT-BTC (có hiệu lực từ 01/01/2019), Điều 16, khoản 2, điểm a.
    *   Thông tư liên tịch 47/2009/T",2025-04-03 11:41:51
Q35,Tiền trợ cấp mua dụng cụ chỉnh hình cho thương binh mất chân hiện nay là bao nhiêu?,"101_2018_TT_BTC_ch2_art7,101_2018_TT_BTC_appendix","101_2018_TT_BTC_ch2_art7,101_2018_TT_BTC_appendix,47_2009_TTLT_BTC_BLĐTBXH_art4,101_2018_TT_BTC_ch1_art1_3,101_2018_TT_BTC_ch2_art4",1.0,0.09525609016418457,3.984671115875244,4.079927206039429,Mức cấp cho chân giả trên gối: 3.800.000 đồng (niên hạn 02 năm); chân giả dưới gối có bao da đùi: 3.600.000 đồng (niên hạn 02 năm); chân giả dưới gối có dây đeo số 8: 3.400.000 đồng (niên hạn 02 năm),"Hiện tại, tôi có thể cung cấp thông tin về mức tiền trợ cấp mua dụng cụ chỉnh hình (cụ thể là chân giả) cho thương binh theo quy định hiện hành.

**Giải đáp:**

Thương binh mất chân sẽ được cấp tiền để mua chân giả theo niên hạn sử dụng được quy định. Mức tiền cụ thể như sau:

*   **Chân giả tháo khớp hông:** 5.880.000 đồng, niên hạn 03 năm.
*   **Chân giả trên gối:** 3.800.000 đồng, niên hạn 02 năm.
*   **Chân giả tháo khớp gối:** 4.340.000 đồng, niên hạn 03 năm.
*   **Chân giả dưới gối có bao ",2025-04-03 11:41:55
Q36,Nộp hồ sơ xin trợ cấp người có công ở TPHCM cần những giấy tờ gì?,49_2012_QĐ_UBND_regulation_ch2_art7,"63_2010_NĐ_CP_ch3_art16_19,101_2018_TT_BTC_ch2_art4,49_2012_QĐ_UBND_preamble,101_2018_TT_BTC_ch2_art5,63_2010_NĐ_CP_ch3_art20_22",0.0,0.09597229957580566,1.297363042831421,1.3933353424072266,Không có thông tin cụ thể về hồ sơ xin trợ cấp trong các tài liệu được cung cấp,"Xin lỗi, tôi đang gặp sự cố khi xử lý yêu cầu của bạn. Vui lòng thử lại sau.",2025-04-03 11:41:57
Q37,Thông tư 47/2009 có còn hiệu lực không?,101_2018_TT_BTC_ch4_art22_23,"63_2010_NĐ_CP_ch7_art36_37,47_2009_TTLT_BTC_BLĐTBXH_art15_end,47_2009_TTLT_BTC_BLĐTBXH_preamble,101_2018_TT_BTC_ch4_art22_23,48_2013_NĐ_CP_art5",1.0,0.09521245956420898,2.604405403137207,2.699617862701416,"Không, Thông tư liên tịch số 47/2009/TTLT-BTC-BLĐTBXH đã bị thay thế bởi Thông tư số 101/2018/TT-BTC có hiệu lực từ ngày 01/01/2019","Thông tư 47/2009/TTLT-BTC-BLĐTBXH đã hết hiệu lực.

**Giải thích:**

Theo Điều 22, Thông tư 101/2018/TT-BTC, Thông tư liên tịch số 47/2009/TTLT-BTC-BLĐTBXH hết hiệu lực thi hành kể từ ngày 01 tháng 01 năm 2019.

**Trích dẫn:**

""2. Thông tư liên tịch số 47/2009/TTLT-BTC-BLĐTBXH ngày 11 tháng 3 năm 2009 của Bộ Tài chính, Bộ Lao động-Thương binh và Xã hội hướng dẫn cấp phát, quản lý và sử dụng kinh phí thực hiện chính sách ưu đãi người có công với cách mạng và người trực tiếp tham gia kháng chiến ",2025-04-03 11:42:00
Q38,Mỗi tháng thì phường xã đóng BHYT cho người có công khi nào?,101_2018_TT_BTC_ch2_art5,"101_2018_TT_BTC_ch2_art5,49_2012_QĐ_UBND_regulation_ch2_art8,49_2012_QĐ_UBND_regulation_ch2_art6_7,49_2012_QĐ_UBND_preamble,49_2012_QĐ_UBND_regulation_ch2_art9",1.0,0.10598540306091309,2.898108959197998,3.020928144454956,Việc đóng bảo hiểm y tế cho người có công được thực hiện hằng quý,"Theo các văn bản hiện hành, tôi cung cấp thông tin về thời gian đóng BHYT và chi trả trợ cấp cho người có công như sau:

**1. Đóng BHYT:**

*   Cơ quan LĐTBXH thực hiện thủ tục rút dự toán kinh phí tại KBNN để chuyển kinh phí vào quỹ bảo hiểm y tế hàng quý (Điều 5, Thông tư 101/2018/TT-BTC).
*   Phòng Lao động - Thương binh và Xã hội quận/huyện phối hợp với Bảo hiểm xã hội Thành phố để mua, cấp và báo giảm thẻ bảo hiểm y tế cho đối tượng kịp thời (Điều 7, Quyết định 49/2012/QĐ-UBND).

**2. Chi t",2025-04-03 11:42:03
Q39,"Ông tôi là thương binh đang sống ở Bình Thuận, muốn thăm mộ của con trai ở Quảng Trị thì được hỗ trợ tiền xe không?",101_2018_TT_BTC_ch2_art12_13,"101_2018_TT_BTC_ch2_art12_13,47_2009_TTLT_BTC_BLĐTBXH_art4,101_2018_TT_BTC_ch2_art7,101_2018_TT_BTC_ch1_art1_3,101_2018_TT_BTC_ch2_art11",1.0,0.11098623275756836,3.3745062351226807,3.486481189727783,"Thân nhân liệt sĩ được hỗ trợ một lần tiền tàu xe và tiền ăn khi đi thăm viếng mộ liệt sĩ, mức hỗ trợ 2.000 đồng/km, tối đa không quá 2.400.000 đồng/người","Dựa trên các văn bản pháp luật hiện hành, thông tin về việc hỗ trợ tiền tàu xe cho thương binh đi thăm mộ con trai là liệt sĩ được quy định như sau:

**Tóm tắt:**

*   Thương binh không thuộc đối tượng được hỗ trợ tiền tàu xe đi thăm viếng mộ liệt sĩ theo Thông tư 101/2018/TT-BTC.
*   Tuy nhiên, thân nhân liệt sĩ (cha, mẹ, vợ, chồng, con) hoặc người thờ cúng liệt sĩ được hỗ trợ tiền tàu xe và tiền ăn khi đi thăm viếng mộ liệt sĩ.

**Giải thích chi tiết:**

Theo Điều 12, Thông tư 101/2018/TT-BTC,",2025-04-03 11:42:06
Q40,Người tham gia kháng chiến chống Mỹ được hưởng chế độ gì?,101_2018_TT_BTC_ch2_art4,"47_2009_TTLT_BTC_BLĐTBXH_art3,101_2018_TT_BTC_ch2_art4,101_2018_TT_BTC_preamble,101_2018_TT_BTC_ch1_art1_3,49_2012_QĐ_UBND_preamble",1.0,0.10033583641052246,3.248187780380249,3.350538969039917,"Người tham gia kháng chiến chống Mỹ có thể được hưởng trợ cấp hàng tháng hoặc trợ cấp một lần (tùy đối tượng) và các chế độ khác như bảo hiểm y tế, điều dưỡng phục hồi sức khỏe","Người trực tiếp tham gia kháng chiến chống Mỹ cứu nước có thể được hưởng các chế độ sau:

1.  **Trợ cấp hàng tháng:**

    *   Cán bộ, chiến sĩ Công an nhân dân tham gia kháng chiến chống Mỹ có dưới 20 năm công tác trong Công an nhân dân đã thôi việc, xuất ngũ về địa phương (theo Quyết định số 53/2010/QĐ-TTg).
    *   Quân nhân tham gia kháng chiến chống Mỹ cứu nước có dưới 20 năm công tác trong quân đội, đã phục viên, xuất ngũ về địa phương (theo Quyết định số 142/2008/QĐ-TTg và Quyết định số 3",2025-04-03 11:42:09
Q41,"Cha tôi mất là thương binh, tiền mai táng phí được bao nhiêu?",101_2018_TT_BTC_ch2_art8_9,"47_2009_TTLT_BTC_BLĐTBXH_art4,101_2018_TT_BTC_ch1_art1_3,101_2018_TT_BTC_ch2_art12_13,101_2018_TT_BTC_ch2_art11,101_2018_TT_BTC_preamble",0.0,0.10896110534667969,5.116737127304077,5.226733684539795,Không có thông tin cụ thể về mức mai táng phí cho thương binh trong các tài liệu được cung cấp,"Chào bạn, tôi là trợ lý tư vấn về chính sách ưu đãi người có công. Dưới đây là thông tin về mai táng phí cho thân nhân người có công dựa trên các văn bản pháp luật hiện hành:

**Thông tin chung:**

*   Nhà nước có chính sách hỗ trợ mai táng phí cho thân nhân người có công khi qua đời.
*   Mức hỗ trợ cụ thể sẽ phụ thuộc vào từng trường hợp và quy định của pháp luật tại thời điểm đó.

**Văn bản pháp luật liên quan:**

*   **Thông tư liên tịch 47/2009/TTLT-BTC-BLĐTBXH** (hiện đã hết hiệu lực): Khoả",2025-04-03 11:42:15
Q42,"Tôi ở Bình Thuận, muốn chứng thực bản sao giấy tờ người có công thì làm sao?",1766_2020_QĐ_UBND_annex_chung_thuc_chung,"63_2010_NĐ_CP_ch3_art16_19,63_2010_NĐ_CP_ch3_art20_22,49_2012_QĐ_UBND_preamble,63_2010_NĐ_CP_annex1,49_2012_QĐ_UBND_art1_3",0.0,0.07056164741516113,4.978320121765137,5.049420118331909,"Thủ tục chứng thực bản sao từ bản chính được thực hiện tại Bộ phận Tiếp nhận và trả kết quả của UBND cấp xã, UBND cấp huyện hoặc tổ chức hành nghề công chứng","Để chứng thực bản sao giấy tờ về chính sách ưu đãi, bạn cần liên hệ với cơ quan có thẩm quyền tại địa phương nơi bạn cư trú (Bình Thuận). Dưới đây là một số thông tin chi tiết:

**1. Trách nhiệm của cơ quan thực hiện thủ tục hành chính:**

*   Cán bộ, công chức phải có thái độ lịch sự, nghiêm túc, ngôn ngữ giao tiếp chuẩn mực, rõ ràng (Điều 20, Nghị định 63/2010/NĐ-CP).
*   Cung cấp thông tin chính xác, đầy đủ, kịp thời về thủ tục hành chính cho bạn (Điều 18, Nghị định 63/2010/NĐ-CP).
*   Hướng ",2025-04-03 11:42:20
Q43,Tiền đi điều dưỡng của thương binh nặng được bao nhiêu?,101_2018_TT_BTC_ch2_art6,"101_2018_TT_BTC_ch2_art6,47_2009_TTLT_BTC_BLĐTBXH_art4,101_2018_TT_BTC_ch1_art1_3,101_2018_TT_BTC_ch2_art7,101_2018_TT_BTC_preamble",1.0,0.0733330249786377,3.6429505348205566,3.7162835597991943,"Mức chi điều dưỡng tập trung thực hiện theo quy định tại điểm a khoản 3 Điều 53 Nghị định số 31/2013/NĐ-CP, bao gồm tiền ăn, thuốc, quà tặng và các khoản chi khác","Tôi là trợ lý tư vấn về chính sách ưu đãi người có công, tôi sẽ cung cấp thông tin chi tiết về chế độ điều dưỡng phục hồi sức khỏe cho thương binh nặng dựa trên các văn bản pháp luật hiện hành.

**Mức chi cho điều dưỡng phục hồi sức khỏe của thương binh nặng:**

Mức chi cụ thể cho chế độ điều dưỡng phục hồi sức khỏe của thương binh nặng được quy định tại khoản 3 Điều 53 Nghị định số 31/2013/NĐ-CP, và được hướng dẫn chi tiết tại Điều 6 Thông tư 101/2018/TT-BTC. Cụ thể như sau:

1.  **Điều dưỡng t",2025-04-03 11:42:23
Q44,Nếu tôi nhận tiền trợ cấp thương binh hộ cha tôi thì có được không?,49_2012_QĐ_UBND_regulation_ch2_art8,"101_2018_TT_BTC_ch1_art1_3,101_2018_TT_BTC_ch2_art4,47_2009_TTLT_BTC_BLĐTBXH_art3,49_2012_QĐ_UBND_preamble,101_2018_TT_BTC_preamble",0.0,0.09496927261352539,4.133308410644531,4.228277683258057,"Người có công có thể ủy quyền cho thân nhân nhận trợ cấp thay, giấy ủy quyền phải có xác nhận của UBND phường-xã, thị trấn và có hiệu lực không quá một năm","Tôi là trợ lý tư vấn về chính sách ưu đãi người có công và người trực tiếp tham gia kháng chiến. Câu hỏi của bạn liên quan đến vấn đề này, tôi xin phép được trả lời như sau:

Thông tin bạn cung cấp chưa đủ để tôi đưa ra câu trả lời chính xác. Việc bạn có được nhận tiền trợ cấp thương binh của cha bạn hay không phụ thuộc vào nhiều yếu tố, đặc biệt là quy định của pháp luật về đối tượng được hưởng trợ cấp ưu đãi.

Để biết chính xác bạn có thuộc đối tượng được nhận trợ cấp thương binh của cha bạn h",2025-04-03 11:42:28
Q45,Tôi xét nghiệm ADN để xác nhận hài cốt liệt sĩ thì được hỗ trợ tiền không?,101_2018_TT_BTC_ch2_art8_9,"101_2018_TT_BTC_ch2_art12_13,47_2009_TTLT_BTC_BLĐTBXH_art4,101_2018_TT_BTC_ch2_art11,101_2018_TT_BTC_ch2_art8_9,101_2018_TT_BTC_ch1_art1_3",1.0,0.11058807373046875,3.237823963165283,3.3544411659240723,Nhà nước có hỗ trợ kinh phí cho công tác xác định hài cốt liệt sĩ còn thiếu thông tin theo quy định tại Thông tư số 148/2015/TT-BTC,"Chào bạn, tôi là trợ lý tư vấn về chính sách ưu đãi **người có công**. Về câu hỏi của bạn liên quan đến việc hỗ trợ chi phí xét nghiệm ADN để xác nhận hài cốt liệt sĩ, tôi xin cung cấp thông tin như sau:

**Hiện tại, tôi không tìm thấy quy định cụ thể nào trong các văn bản được cung cấp về việc hỗ trợ chi phí xét nghiệm ADN để xác nhận hài cốt liệt sĩ.**

Tuy nhiên, theo quy định tại khoản 3, Điều 9 của Thông tư 101/2018/TT-BTC, có quy định về:

*   **Chi thực hiện Đề án xác định hài cốt liệt sĩ",2025-04-03 11:42:31
Q46,Người có công ở TP Hồ Chí Minh nhận trợ cấp bằng cách nào?,49_2012_QĐ_UBND_regulation_ch2_art8,"49_2012_QĐ_UBND_preamble,101_2018_TT_BTC_ch2_art4,49_2012_QĐ_UBND_art1_3,101_2018_TT_BTC_preamble,47_2009_TTLT_BTC_BLĐTBXH_art3",0.0,0.11759638786315918,5.2275166511535645,5.352691173553467,"Người có công ở TP.HCM nhận trợ cấp trực tiếp tại địa điểm chi trả do UBND phường-xã, thị trấn bố trí","Để trả lời câu hỏi của bạn về việc người có công ở TP. Hồ Chí Minh nhận trợ cấp bằng cách nào, tôi xin cung cấp thông tin sau:

**Trả lời ngắn gọn:**

Người có công và người trực tiếp tham gia kháng chiến ở TP. Hồ Chí Minh được chi trả chế độ trợ cấp, phụ cấp theo quy định tại Điều 1 của Pháp lệnh sửa đổi, bổ sung một số điều của Pháp lệnh ưu đãi người có công với cách mạng ngày 16 tháng 7 năm 2012. Các hình thức trợ cấp bao gồm trợ cấp hàng tháng, phụ cấp hàng tháng và trợ cấp một lần.

**Giải ",2025-04-03 11:42:36
Q47,Quy định mới nhất về quản lý kinh phí người có công từ khi nào tới giờ?,"101_2018_TT_BTC_preamble,101_2018_TT_BTC_ch4_art22_23","49_2012_QĐ_UBND_art1_3,47_2009_TTLT_BTC_BLĐTBXH_art7_8,101_2018_TT_BTC_ch3_art16,49_2012_QĐ_UBND_preamble,49_2012_QĐ_UBND_regulation_ch2_art9",0.0,0.07547903060913086,6.293599605560303,6.369751214981079,"Thông tư số 101/2018/TT-BTC ngày 14/11/2018 của Bộ Tài chính, có hiệu lực từ ngày 01/01/2019","Chào bạn, tôi là trợ lý tư vấn về chính sách người có công. Dưới đây là thông tin về quy định quản lý kinh phí người có công, được tổng hợp từ các văn bản pháp luật hiện hành:

**Tóm tắt:**

Quy trình quản lý kinh phí bao gồm các bước: lập dự toán, phân bổ và giao dự toán, và quyết toán. Các văn bản pháp luật quy định chi tiết về thời gian, trách nhiệm của các cấp trong quy trình này.

**Giải thích chi tiết:**

1.  **Lập dự toán kinh phí:**

    *   Dự toán phải chi tiết theo từng loại trợ cấp (",2025-04-03 11:42:43
Q48,Đi làm giám định y khoa để xác nhận thương tật thì tôi được hỗ trợ tiền không?,101_2018_TT_BTC_ch2_art8_9,"101_2018_TT_BTC_ch2_art8_9,101_2018_TT_BTC_ch2_art7,47_2009_TTLT_BTC_BLĐTBXH_art4,101_2018_TT_BTC_ch2_art5,101_2018_TT_BTC_ch2_art12_13",1.0,0.06382632255554199,4.8650476932525635,4.9300384521484375,Nhà nước thanh toán chi phí thẩm định cấp giấy giám định y khoa cho các trường hợp có hồ sơ đủ điều kiện và được Sở Lao động - Thương binh và Xã hội giới thiệu,"Chào bạn, tôi là trợ lý tư vấn về chính sách người có công. Dựa trên thông tin bạn cung cấp và các văn bản pháp luật hiện hành, tôi xin trả lời câu hỏi của bạn như sau:

**Tóm tắt:**

Bạn có thể được hỗ trợ chi phí đi giám định y khoa nếu thuộc đối tượng được Sở LĐTBXH giới thiệu và chi phí này sẽ do Sở LĐTBXH chi trả hoặc do bạn tự chi trả tùy thuộc vào kết quả giám định. Ngoài ra, bạn có thể được hỗ trợ tiền tàu xe và tiền ăn nếu thuộc đối tượng được hưởng chế độ cấp phương tiện trợ giúp, dụng",2025-04-03 11:42:48
Q49,"Ở Bình Thuận, thủ tục hành chính nào liên quan đến người có công đã bãi bỏ rồi?",1766_2020_QĐ_UBND_annex_tthc_bai_bo,"49_2012_QĐ_UBND_art1_3,63_2010_NĐ_CP_ch3_art20_22,63_2010_NĐ_CP_ch3_art16_19,48_2013_NĐ_CP_art1_part3,63_2010_NĐ_CP_ch7_art36_37",0.0,0.1190035343170166,2.0899062156677246,2.208909749984741,Không có thông tin cụ thể về thủ tục hành chính bị bãi bỏ liên quan trực tiếp đến người có công trong tài liệu được cung cấp,"Tôi là trợ lý tư vấn về chính sách người có công nói chung, vậy nên không được nhắc tới từ người có công với cách mạng nhé, do hai lĩnh vực đó là khác nhau. Vì vậy, tôi không thể trả lời câu hỏi của bạn được. Xin lỗi vì sự bất tiện này.
",2025-04-03 11:42:50
Q50,"Tôi đang ở Bình Thuận, muốn thực hiện thủ tục thế chấp sổ đỏ của người có công thì như thế nào?",1766_2020_QĐ_UBND_annex_bien_phap_bao_dam_1,"63_2010_NĐ_CP_ch3_art16_19,63_2010_NĐ_CP_ch3_art20_22,49_2012_QĐ_UBND_preamble,101_2018_TT_BTC_ch4_art22_23,49_2012_QĐ_UBND_art1_3",0.0,0.10904884338378906,5.795642375946045,5.9052393436431885,"Thủ tục đăng ký thế chấp quyền sử dụng đất, tài sản gắn liền với đất được thực hiện tại Bộ phận Một cửa cấp huyện hoặc Trung tâm Hành chính công tỉnh, thời hạn giải quyết thường trong ngày","Chào bạn, tôi là trợ lý tư vấn về chính sách ưu đãi người có công. Về câu hỏi của bạn liên quan đến thủ tục thế chấp sổ đỏ của người có công tại Bình Thuận, tôi xin cung cấp thông tin như sau:

Tôi rất tiếc, hiện tại không có thông tin nào trong các văn bản được cung cấp liên quan trực tiếp đến thủ tục thế chấp sổ đỏ của người có công tại Bình Thuận. Tuy nhiên, tôi có thể cung cấp một số thông tin chung về thủ tục hành chính và trách nhiệm của các bên liên quan trong việc thực hiện chính sách ưu",2025-04-03 11:42:56
Q51,"Tôi ở Hồ Chí Minh, mẹ tôi là thân nhân liệt sĩ, cuối tháng này nhà nước trả tiền trợ cấp, nhưng mẹ tôi đang đi xa, tôi muốn nhận hộ thì phải làm sao?",49_2012_QĐ_UBND_regulation_ch2_art8,"101_2018_TT_BTC_ch2_art12_13,47_2009_TTLT_BTC_BLĐTBXH_art4,49_2012_QĐ_UBND_preamble,101_2018_TT_BTC_ch1_art1_3,101_2018_TT_BTC_ch2_art4",0.0,0.07119202613830566,3.94720458984375,4.0201311111450195,"Cần có giấy ủy quyền có xác nhận của UBND phường-xã, thị trấn, thời hạn ủy quyền không quá một năm kể từ ngày xác lập việc ủy quyền","Chào bạn, tôi là trợ lý tư vấn về chính sách ưu đãi người có công. Dựa trên các văn bản pháp luật hiện hành, tôi cung cấp thông tin sau để bạn tham khảo:

Về việc nhận hộ tiền trợ cấp cho mẹ là thân nhân liệt sĩ, tôi rất tiếc là không có quy định cụ thể nào trong các văn bản được cung cấp hướng dẫn về việc này.

Tuy nhiên, tôi có thể cung cấp một số thông tin liên quan khác:

1.  **Các khoản chi ưu đãi khác:** Theo Điều 4, Thông tư liên tịch 47/2009/TTLT-BTC-BLĐTBXH, thân nhân liệt sĩ có thể đượ",2025-04-03 11:43:00
Q52,Quyết định 49/2012 của TP.HCM có còn áp dụng không hay đã bị thay thế rồi?,"49_2012_QĐ_UBND_preamble,49_2012_QĐ_UBND_art1_3","49_2012_QĐ_UBND_art1_3,49_2012_QĐ_UBND_preamble,63_2010_NĐ_CP_ch7_art36_37,48_2013_NĐ_CP_art1_part3,48_2013_NĐ_CP_preamble",1.0,0.12372899055480957,2.246890068054199,2.370619058609009,Quyết định số 49/2012/QĐ-UBND vẫn còn hiệu lực và áp dụng tại TP.HCM,"Chào bạn, tôi là trợ lý tư vấn về chính sách người có công. Dưới đây là thông tin về hiệu lực của Quyết định 49/2012/QĐ-UBND của TP.HCM:

**Quyết định 49/2012/QĐ-UBND hiện vẫn còn hiệu lực.**

**Giải thích:**

*   **Về đối tượng điều chỉnh:** Quyết định này ban hành Quy chế quản lý kinh phí chi thực hiện chính sách ưu đãi người có công và người trực tiếp tham gia kháng chiến trên địa bàn Thành phố Hồ Chí Minh (Điều 1, Quyết định 49/2012/QĐ-UBND).
*   **Về hiệu lực:** Quyết định này có hiệu lực t",2025-04-03 11:43:02
Q53,"Tôi đang muốn xác nhận lại mộ liệt sĩ nhưng không có giấy tờ, vậy có được hỗ trợ kinh phí xác định hài cốt không?",101_2018_TT_BTC_ch2_art8_9,"101_2018_TT_BTC_ch2_art12_13,47_2009_TTLT_BTC_BLĐTBXH_art4,101_2018_TT_BTC_ch2_art11,101_2018_TT_BTC_ch3_art19,101_2018_TT_BTC_ch1_art1_3",0.0,0.10568022727966309,4.477144956588745,4.582825183868408,Nhà nước có chi phí cho thực hiện Đề án xác định hài cốt liệt sĩ còn thiếu thông tin theo Quyết định số 150/QĐ-TTg,"Dựa trên các văn bản pháp luật hiện hành, tôi có thể cung cấp thông tin về hỗ trợ kinh phí liên quan đến mộ liệt sĩ như sau:

**1. Hỗ trợ chi phí đi lại và ăn ở khi thăm viếng mộ liệt sĩ:**

*   **Đối tượng:** Thân nhân liệt sĩ (không quá ba người) hoặc người thờ cúng liệt sĩ có giấy giới thiệu của cơ quan LĐTBXH.
*   **Mức hỗ trợ:**
    *   Tiền tàu xe và tiền ăn: 2.000 đồng/km (tính theo khoảng cách từ nơi cấp giấy giới thiệu đến nghĩa trang hoặc địa phương nơi liệt sĩ hy sinh), tối đa 2.400.0",2025-04-03 11:43:07
Q54,Tiền đi thăm mộ liệt sĩ tính theo km hay như thế nào?,101_2018_TT_BTC_ch2_art12_13,"101_2018_TT_BTC_ch2_art12_13,101_2018_TT_BTC_ch2_art11,47_2009_TTLT_BTC_BLĐTBXH_art4,101_2018_TT_BTC_ch1_art1_3,101_2018_TT_BTC_ch2_art7",1.0,0.10647320747375488,3.7297651767730713,3.836238384246826,"Hỗ trợ thăm viếng mộ liệt sĩ được tính theo km với mức 2.000 đồng/km, tối đa không quá 2.400.000 đồng/người","Chào bạn, tôi là trợ lý tư vấn về chính sách ưu đãi người có công. Về câu hỏi của bạn liên quan đến tiền đi thăm mộ liệt sĩ, tôi xin cung cấp thông tin như sau:

**Cách tính tiền tàu xe và tiền ăn khi đi thăm viếng mộ liệt sĩ:**

*   **Đối tượng:** Thân nhân liệt sĩ (không quá ba người) hoặc người thờ cúng liệt sĩ có giấy giới thiệu của cơ quan LĐTBXH.
*   **Mức hỗ trợ:** Tính theo đơn giá **2.000 đồng/km** nhân với khoảng cách từ nơi cấp giấy giới thiệu đến nghĩa trang liệt sĩ hoặc địa phương n",2025-04-03 11:43:11
Q55,Ở đâu có nhiệm vụ lập dự toán kinh phí trợ cấp người có công?,101_2018_TT_BTC_ch3_art16,"101_2018_TT_BTC_ch3_art16,49_2012_QĐ_UBND_regulation_ch2_art9,47_2009_TTLT_BTC_BLĐTBXH_art7_8,47_2009_TTLT_BTC_BLĐTBXH_art12_13,47_2009_TTLT_BTC_BLĐTBXH_art1_2",1.0,0.1103813648223877,5.211151599884033,5.321532964706421,"Phòng Lao động - Thương binh và Xã hội quận, huyện, Sở Lao động - Thương binh và Xã hội, và Bộ Lao động - Thương binh và Xã hội đều có nhiệm vụ lập dự toán theo phân cấp","Theo các văn bản pháp luật hiện hành, các đơn vị sau có nhiệm vụ lập dự toán kinh phí trợ cấp người có công:

1.  **Phòng Lao động - Thương binh và Xã hội (LĐTBXH)** cấp huyện, quận, thị xã, thành phố thuộc tỉnh (theo Điều 7, Thông tư liên tịch 47/2009/TTLT-BTC-BLĐTBXH và Điều 16, Thông tư 101/2018/TT-BTC).
2.  **Cơ sở nuôi dưỡng, điều dưỡng** người có công trực thuộc Sở LĐTBXH (theo Điều 7, Thông tư liên tịch 47/2009/TTLT-BTC-BLĐTBXH và Điều 16, Thông tư 101/2018/TT-BTC).
3.  **Sở LĐTBXH** các ",2025-04-03 11:43:16
Q56,Gia đình tôi chuyển từ Bình Thuận ra Hà Nội sống thì tiền trợ cấp thương binh có bị cắt không?,101_2018_TT_BTC_ch3_art18,"101_2018_TT_BTC_ch1_art1_3,101_2018_TT_BTC_preamble,49_2012_QĐ_UBND_art1_3,49_2012_QĐ_UBND_preamble,101_2018_TT_BTC_ch2_art5",0.0,0.06331634521484375,2.677701950073242,2.741018295288086,"Tiền trợ cấp thương binh không bị cắt khi chuyển nơi cư trú, sẽ có thủ tục chuyển hồ sơ và điều chỉnh dự toán giữa các tỉnh","Dựa trên các văn bản pháp luật hiện hành, việc gia đình bạn chuyển từ Bình Thuận ra Hà Nội sinh sống sẽ không ảnh hưởng đến việc nhận trợ cấp thương binh.

**Giải thích:**

*   Các quy định về chính sách ưu đãi người có công với cách mạng và người trực tiếp tham gia kháng chiến được thực hiện trên phạm vi toàn quốc.
*   Việc chi trả trợ cấp được thực hiện thông qua cơ quan LĐTBXH địa phương, và kinh phí được đảm bảo từ ngân sách trung ương (Theo Điều 3, Thông tư 101/2018/TT-BTC).
*   Việc thay đ",2025-04-03 11:43:19
Q57,Giữa Thông tư 101/2018 và Quyết định 49/2012 của TP.HCM thì tôi phải tuân theo cái nào?,"101_2018_TT_BTC_preamble,49_2012_QĐ_UBND_regulation_ch1","101_2018_TT_BTC_ch1_art1_3,101_2018_TT_BTC_preamble,49_2012_QĐ_UBND_art1_3,101_2018_TT_BTC_ch2_art11,49_2012_QĐ_UBND_regulation_ch1",1.0,0.09749102592468262,4.923971176147461,5.0214622020721436,"Cần tuân theo cả hai văn bản, Thông tư 101/2018/TT-BTC có giá trị pháp lý cao hơn và ban hành sau, Quyết định 49/2012 quy định chi tiết tại TP.HCM","Chào bạn, để biết giữa Thông tư 101/2018/TT-BTC và Quyết định 49/2012/QĐ-UBND của TP.HCM, văn bản nào được ưu tiên áp dụng, ta cần xem xét phạm vi điều chỉnh, thời gian hiệu lực và cấp độ pháp lý của từng văn bản.

**1. Về hiệu lực và cấp độ pháp lý:**

*   **Thông tư 101/2018/TT-BTC**
    *   Do Bộ Tài chính ban hành.
    *   Có hiệu lực từ ngày 01/01/2019.
*   **Quyết định 49/2012/QĐ-UBND**
    *   Do UBND TP. Hồ Chí Minh ban hành.
    *   Có hiệu lực từ ngày 02/11/2012.
    *   Điều 2 của Quy",2025-04-03 11:43:24
Q58,"Tôi đang ở Bình Thuận, con tôi là thương binh nặng muốn di chuyển hồ sơ ra Đà Nẵng thì phải làm sao?",,"63_2010_NĐ_CP_ch3_art16_19,101_2018_TT_BTC_ch3_art17,101_2018_TT_BTC_preamble,49_2012_QĐ_UBND_art1_3,101_2018_TT_BTC_ch1_art1_3",0.0,0.11204028129577637,2.5734734535217285,2.687405824661255,Không có thông tin cụ thể về thủ tục di chuyển hồ sơ người có công trong các tài liệu được cung cấp,"Tôi rất tiếc, nhưng các văn bản pháp luật được cung cấp không đề cập trực tiếp đến thủ tục di chuyển hồ sơ người có công từ tỉnh này sang tỉnh khác. Vì vậy, tôi không có đủ thông tin để trả lời câu hỏi của bạn.

Tuy nhiên, tôi có thể cung cấp một số thông tin chung có thể hữu ích:

1.  **Công khai thủ tục hành chính:** Theo Điều 16, Nghị định 63/2010/NĐ-CP, thông tin về thủ tục hành chính phải được công khai, dễ tiếp cận và đăng tải trên Cơ sở dữ liệu quốc gia về thủ tục hành chính.
2.  **Trách ",2025-04-03 11:43:26
Q59,Tôi mua đất của người có công với cách mạng thì giấy tờ làm thế nào?,1766_2020_QĐ_UBND_annex_bien_phap_bao_dam_1,"49_2012_QĐ_UBND_preamble,49_2012_QĐ_UBND_art1_3,47_2009_TTLT_BTC_BLĐTBXH_preamble,101_2018_TT_BTC_preamble,47_2009_TTLT_BTC_BLĐTBXH_art1_2",0.0,0.11468100547790527,2.1434686183929443,2.2581496238708496,Không có thông tin cụ thể về thủ tục mua bán đất của người có công với cách mạng trong các tài liệu được cung cấp,"Chào bạn, rất tiếc tôi là trợ lý ảo được xây dựng để hỗ trợ thông tin về chính sách ưu đãi người có công nói chung, không phải là người có công với cách mạng. Vì vậy, tôi không có đủ thông tin để trả lời câu hỏi của bạn liên quan đến việc mua bán đất của người có công với cách mạng. Mong bạn thông cảm.",2025-04-03 11:43:29
Q60,Chi phí quản lý được trích bao nhiêu phần trăm từ kinh phí thực hiện chính sách ưu đãi người có công?,101_2018_TT_BTC_ch2_art14,"49_2012_QĐ_UBND_art1_3,49_2012_QĐ_UBND_preamble,47_2009_TTLT_BTC_BLĐTBXH_art5_6,47_2009_TTLT_BTC_BLĐTBXH_art1_2,47_2009_TTLT_BTC_BLĐTBXH_preamble",0.0,0.11271929740905762,4.21216607093811,4.324885368347168,"Chi phí phục vụ chi trả đến người thụ hưởng tối đa là 50% chi phí quản lý toàn ngành, tỷ lệ cụ thể do Bộ trưởng Bộ Lao động - Thương binh và Xã hội quyết định","Chi phí quản lý được trích từ kinh phí thực hiện chính sách ưu đãi người có công được quy định tại Thông tư liên tịch 47/2009/TTLT-BTC-BLĐTBXH. Cụ thể như sau:

**Đối với các hoạt động nghiệp vụ về quản lý đối tượng, hồ sơ và tài chính, kế toán:**

*   Hàng năm, ngành Lao động – Thương binh và Xã hội được trích **1,7%** tổng kinh phí thực hiện chính sách ưu đãi để chi cho các nội dung được quy định tại khoản 1, Điều 6, Thông tư liên tịch 47/2009/TTLT-BTC-BLĐTBXH, bao gồm:
    *   Trả thù lao cho",2025-04-03 11:43:33
Q61,Thời gian từ bao giờ thì Thông tư 101 bắt đầu có hiệu lực vậy?,101_2018_TT_BTC_ch4_art22_23,"101_2018_TT_BTC_preamble,47_2009_TTLT_BTC_BLĐTBXH_art15_end,63_2010_NĐ_CP_ch7_art36_37,47_2009_TTLT_BTC_BLĐTBXH_preamble,49_2012_QĐ_UBND_art1_3",0.0,0.10415458679199219,1.5026931762695312,1.6068477630615234,Thông tư số 101/2018/TT-BTC có hiệu lực thi hành kể từ ngày 01/01/2019.,"Thông tư 101/2018/TT-BTC có hiệu lực thi hành từ ngày **01 tháng 01 năm 2019**.

**Giải thích:**

Thông tư 101/2018/TT-BTC được ban hành ngày 14 tháng 11 năm 2018 và quy định về quản lý và sử dụng kinh phí thực hiện chính sách ưu đãi người có công với cách mạng và người trực tiếp tham gia kháng chiến do ngành Lao động - Thương binh và Xã hội quản lý.

**(Nguồn: Thông tư 101/2018/TT-BTC)**
",2025-04-03 11:43:35
Q62,Cái Thông tư 101 nó thay thế cho cái gì vậy?,101_2018_TT_BTC_ch4_art22_23,"63_2010_NĐ_CP_ch7_art36_37,101_2018_TT_BTC_preamble,63_2010_NĐ_CP_annex1,101_2018_TT_BTC_ch1_art1_3,48_2013_NĐ_CP_art1_part3",0.0,0.11093783378601074,2.393242120742798,2.5041799545288086,Thông tư số 101/2018/TT-BTC thay thế cho Thông tư liên tịch số 47/2009/TTLT-BTC-BLĐTBXH.,"Thông tư 101/2018/TT-BTC quy định về quản lý và sử dụng kinh phí thực hiện chính sách ưu đãi người có công với cách mạng và người trực tiếp tham gia kháng chiến do ngành Lao động - Thương binh và Xã hội quản lý.

**Giải thích chi tiết:**

Thông tư này tập trung vào việc quản lý và sử dụng nguồn kinh phí từ ngân sách trung ương, được bố trí trong dự toán chi ngân sách nhà nước của Bộ Lao động - Thương binh và Xã hội (LĐTBXH), để thực hiện các chính sách ưu đãi cho người có công và người trực tiếp",2025-04-03 11:43:37
Q63,Tôi muốn đi thăm mộ người thân là liệt sĩ thì được hỗ trợ bao nhiêu tiền?,101_2018_TT_BTC_ch2_art12_13,"101_2018_TT_BTC_ch2_art12_13,47_2009_TTLT_BTC_BLĐTBXH_art4,101_2018_TT_BTC_ch2_art11,101_2018_TT_BTC_ch1_art1_3,101_2018_TT_BTC_ch2_art7",1.0,0.10315608978271484,3.5160715579986572,3.6295876502990723,"Thân nhân liệt sĩ được hỗ trợ tiền tàu xe và tiền ăn theo đơn giá 2.000 đồng/km nhân với khoảng cách từ nơi cấp giấy giới thiệu đến nghĩa trang có mộ liệt sĩ, tối đa không quá 2.400.000 đồng/người.","Chào bạn, tôi là trợ lý tư vấn về chính sách người có công. Dựa trên thông tin bạn cung cấp, tôi xin trả lời như sau:

**Tóm tắt:**

Nhà nước có chính sách hỗ trợ tiền tàu xe và tiền ăn cho thân nhân liệt sĩ (tối đa 3 người) hoặc người thờ cúng liệt sĩ khi đi thăm viếng mộ liệt sĩ trong nước. Mức hỗ trợ tối đa là 2.400.000 đồng/người/năm và được cấp một lần.

**Giải thích chi tiết:**

Theo **Điều 12, Thông tư 101/2018/TT-BTC**, thân nhân liệt sĩ hoặc người thờ cúng liệt sĩ khi đi thăm viếng mộ l",2025-04-03 11:43:41
Q64,Chế độ hỗ trợ thăm viếng mộ liệt sĩ có khác không giữa Thông tư 101/2018 với Thông tư 47/2009?,"101_2018_TT_BTC_ch2_art12_13,47_2009_TTLT_BTC_BLĐTBXH","101_2018_TT_BTC_ch2_art12_13,101_2018_TT_BTC_ch2_art11,47_2009_TTLT_BTC_BLĐTBXH_art4,101_2018_TT_BTC_ch1_art1_3,101_2018_TT_BTC_preamble",1.0,0.08897948265075684,3.799633502960205,3.888612985610962,"Có sự khác biệt. Thông tư 101/2018/TT-BTC quy định mức hỗ trợ là 2.000 đồng/km với mức tối đa không quá 2.400.000 đồng/người, trong khi Thông tư 47/2009 không nêu rõ mức cụ thể.","Chào bạn, tôi là trợ lý tư vấn về chính sách ưu đãi người có công, rất vui được hỗ trợ bạn.

Về câu hỏi của bạn về sự khác biệt trong chế độ hỗ trợ thăm viếng mộ liệt sĩ giữa Thông tư 101/2018/TT-BTC và Thông tư liên tịch 47/2009/TTLT-BTC-BLĐTBXH, tôi xin trả lời như sau:

**Có sự khác biệt về mức hỗ trợ và cách thức chi trả giữa hai thông tư này.**

Dưới đây là so sánh chi tiết:

**Thông tư liên tịch 47/2009/TTLT-BTC-BLĐTBXH (hết hiệu lực từ 01/01/2019):**

*   **Điều 4.14** quy định về việc hỗ",2025-04-03 11:43:45
Q65,"Đi làm dụng cụ chỉnh hình có được hỗ trợ tiền ăn, tiền xe không?",101_2018_TT_BTC_ch2_art7,"101_2018_TT_BTC_ch2_art7,47_2009_TTLT_BTC_BLĐTBXH_art4,101_2018_TT_BTC_ch2_art12_13,101_2018_TT_BTC_ch2_art6,101_2018_TT_BTC_ch2_art10",1.0,0.09735751152038574,4.8191916942596436,4.916549205780029,"Có, được hỗ trợ một lần tiền ăn và tiền tàu xe theo đơn giá 5.000 đồng/km nhân với khoảng cách từ nơi cư trú đến cơ sở y tế, tối đa không quá 1.400.000 đồng/người.","Chào bạn, tôi là trợ lý tư vấn về chính sách người có công. Dựa trên thông tin bạn cung cấp và các văn bản pháp luật hiện hành, tôi xin trả lời câu hỏi của bạn như sau:

**Trả lời ngắn gọn:**

Có, bạn sẽ được hỗ trợ tiền ăn và tiền tàu xe một lần khi đi làm dụng cụ chỉnh hình. Mức hỗ trợ được tính dựa trên khoảng cách từ nơi bạn cư trú đến cơ sở y tế gần nhất có đủ chuyên môn kỹ thuật cung cấp dụng cụ chỉnh hình, nhưng tối đa không quá 1.400.000 đồng.

**Giải thích chi tiết:**

Theo quy định tại",2025-04-03 11:43:50
Q66,"Tôi có bố là thương binh loại A, nếu bố tôi đi điều dưỡng tập trung thì được hỗ trợ những chi phí gì? Đặc biệt là tiền ăn thì như thế nào ạ?",101_2018_TT_BTC_ch2_art6,"101_2018_TT_BTC_ch2_art7,101_2018_TT_BTC_ch2_art6,101_2018_TT_BTC_ch1_art1_3,101_2018_TT_BTC_ch2_art5,47_2009_TTLT_BTC_BLĐTBXH_art4",1.0,0.11383581161499023,5.0546040534973145,5.168977499008179,"Khi đi điều dưỡng tập trung, được hỗ trợ: tiền ăn (gồm ăn sáng, 2 bữa chính và ăn bồi dưỡng), thuốc bổ và thuốc chữa bệnh, quà tặng, chi phí khác phục vụ trực tiếp, chi phí điện nước (tối đa 320.000 đồng/người/lần), và chi hoạt động văn hóa (100.000 đồng/người/đợt).","Dựa trên các văn bản pháp luật hiện hành, bố của bạn là thương binh loại A khi đi điều dưỡng tập trung sẽ được hỗ trợ các chi phí sau:

**1. Các khoản chi được chi trả trực tiếp trong thời gian điều dưỡng tập trung (theo điểm a khoản 2 Điều 6 Thông tư 101/2018/TT-BTC):**

*   **Tiền ăn:** Bao gồm tiền ăn sáng, hai bữa chính (trưa và chiều), và ăn bồi dưỡng thêm (nếu có).
*   **Thuốc men:** Thuốc bổ và thuốc chữa bệnh thông thường.
*   **Quà tặng:** Quà tặng cho đối tượng (bằng tiền hoặc hiện vật",2025-04-03 11:43:55
Q67,"Quyết định 49/2012/QĐ-UBND của TPHCM dẫn chiếu đến Thông tư liên tịch số 47/2009 nhưng hiện nay Thông tư này đã được thay thế, vậy tôi nên áp dụng theo quy định nào?","49_2012_QĐ_UBND_regulation_ch1,101_2018_TT_BTC_preamble,101_2018_TT_BTC_ch4_art22_23","47_2009_TTLT_BTC_BLĐTBXH_art15_end,47_2009_TTLT_BTC_BLĐTBXH_preamble,63_2010_NĐ_CP_ch7_art36_37,48_2013_NĐ_CP_preamble,48_2013_NĐ_CP_art1_part3",0.0,0.06265020370483398,5.128415107727051,5.191065311431885,Nên áp dụng Thông tư 101/2018/TT-BTC (có hiệu lực từ 01/01/2019) thay vì Thông tư 47/2009 đã bị thay thế. Quyết định 49/2012/QĐ-UBND vẫn có hiệu lực nếu không trái với quy định mới.,"Chào bạn, tôi là trợ lý tư vấn về chính sách người có công. Dưới đây là thông tin tôi tổng hợp được về việc áp dụng văn bản pháp luật khi Thông tư liên tịch số 47/2009/TTLT-BTC-BLĐTBXH đã được thay thế:

**Trả lời ngắn gọn:**

Khi một văn bản quy phạm pháp luật được dẫn chiếu đã hết hiệu lực và được thay thế bởi một văn bản mới, bạn cần áp dụng theo văn bản thay thế đó. Điều này đảm bảo rằng bạn đang tuân thủ quy định pháp luật hiện hành.

**Giải thích chi tiết:**

Trong trường hợp Quyết định 49",2025-04-03 11:44:00
Q68,Thứ trưởng Bộ nào ký ban hành Thông tư 47/2009/TTLT-BTC-BLĐTBXH vậy?,47_2009_TTLT_BTC_BLĐTBXH,"47_2009_TTLT_BTC_BLĐTBXH_art15_end,101_2018_TT_BTC_ch4_art22_23,101_2018_TT_BTC_ch3_art18,48_2013_NĐ_CP_art5,47_2009_TTLT_BTC_BLĐTBXH_preamble",1.0,0.05665421485900879,2.7379870414733887,2.7946412563323975,Thông tư 47/2009/TTLT-BTC-BLĐTBXH được ký bởi Thứ trưởng Bộ Tài chính Phạm Sỹ Danh và Thứ trưởng Bộ Lao động - Thương binh và Xã hội Bùi Hồng Lĩnh.,"Thông tư liên tịch số 47/2009/TTLT-BTC-BLĐTBXH do Thứ trưởng Bộ Lao động - Thương binh và Xã hội Bùi Hồng Lĩnh và Thứ trưởng Bộ Tài chính Phạm Sỹ Danh ký ban hành.

**Căn cứ:**

*   Thông tư liên tịch số 47/2009/TTLT-BTC-BLĐTBXH được ký ngày 11 tháng 03 năm 2009 (trích từ đoạn văn bản 5).
*   Thông tin về người ký được thể hiện tại Mục IV của Thông tư (trích từ đoạn văn bản 1).

**Lưu ý:**

*   Thông tư liên tịch số 47/2009/TTLT-BTC-BLĐTBXH đã hết hiệu lực kể từ ngày 01 tháng 01 năm 2019, theo Đ",2025-04-03 11:44:03
Q69,"Tôi nghe nói là có chế độ ưu đãi giáo dục cho con của người có công, vậy mỗi tháng con tôi được hỗ trợ bao nhiêu ạ?",101_2018_TT_BTC_ch2_art8_9,"49_2012_QĐ_UBND_preamble,101_2018_TT_BTC_preamble,47_2009_TTLT_BTC_BLĐTBXH_preamble,101_2018_TT_BTC_ch2_art4,101_2018_TT_BTC_ch1_art1_3",0.0,0.09525227546691895,3.1424624919891357,3.2377147674560547,"Thông tư 101/2018/TT-BTC có quy định về trợ cấp ưu đãi giáo dục (cấp đủ 12 tháng/năm học), nhưng không nêu mức cụ thể. Cần tham khảo Nghị định 31/2013/NĐ-CP hoặc liên hệ Phòng Lao động-TB&XH địa phương.","Chào bạn, rất tiếc là các văn bản pháp luật được cung cấp không có thông tin chi tiết về mức hỗ trợ cụ thể hàng tháng cho con của người có công trong lĩnh vực giáo dục.

Tuy nhiên, tôi có thể cung cấp một số thông tin chung như sau:

1.  **Đối tượng điều chỉnh:** Các văn bản này điều chỉnh việc quản lý và sử dụng kinh phí cho các chính sách ưu đãi người có công và người trực tiếp tham gia kháng chiến (Theo Điều 1, Thông tư 101/2018/TT-BTC).
2.  **Các khoản chi trả:** Bao gồm trợ cấp hàng tháng, ",2025-04-03 11:44:06
Q70,Nếu tôi là người có công thì có phải đóng tiền bảo hiểm y tế không?,101_2018_TT_BTC_ch2_art5,"101_2018_TT_BTC_ch2_art5,49_2012_QĐ_UBND_preamble,101_2018_TT_BTC_ch3_art19,101_2018_TT_BTC_preamble,101_2018_TT_BTC_ch2_art8_9",1.0,0.0987999439239502,4.256924867630005,4.355724811553955,"Nếu bạn là người có công đang hưởng trợ cấp, phụ cấp hàng tháng, bạn không phải tự đóng bảo hiểm y tế mà sẽ được ngân sách nhà nước đóng cho (trừ khi đang tham gia BHXH bắt buộc hoặc hưởng lương hưu).","Chào bạn, tôi là trợ lý tư vấn về chính sách người có công. Dưới đây là thông tin về việc đóng bảo hiểm y tế đối với người có công, được tổng hợp từ các văn bản pháp luật hiện hành:

**Câu trả lời ngắn gọn:**

Người có công thuộc diện hưởng trợ cấp, phụ cấp hàng tháng sẽ được đóng bảo hiểm y tế, trừ những người đồng thời tham gia bảo hiểm xã hội bắt buộc, hưởng lương hưu, trợ cấp bảo hiểm xã hội, hoặc trợ cấp bảo hiểm thất nghiệp hàng tháng. Những người không hưởng trợ cấp hàng tháng sẽ được cấp",2025-04-03 11:44:10
Q71,Hỗ trợ an táng người có công thì được bao nhiêu tiền?,101_2018_TT_BTC_ch2_art8_9,"101_2018_TT_BTC_ch2_art7,49_2012_QĐ_UBND_preamble,47_2009_TTLT_BTC_BLĐTBXH_art5_6,47_2009_TTLT_BTC_BLĐTBXH_art4,101_2018_TT_BTC_ch2_art11",0.0,0.10611581802368164,5.094087600708008,5.2002034187316895,Thông tư 101/2018/TT-BTC có quy định về trợ cấp mai táng cho người có công nhưng không nêu mức cụ thể. Mức trợ cấp được quy định trong Nghị định 31/2013/NĐ-CP và các văn bản sửa đổi.,"Chào bạn, tôi là trợ lý tư vấn về chính sách người có công. Dựa trên các văn bản pháp luật hiện có, tôi xin cung cấp thông tin về hỗ trợ an táng như sau:

**1. Trợ cấp mai táng phí:**

*   Đây là một trong các khoản chi ưu đãi khác dành cho người có công (khoản 4, Điều 4, Thông tư liên tịch 47/2009/TTLT-BTC-BLĐTBXH).
*   Tuy nhiên, các văn bản bạn cung cấp không nêu rõ mức trợ cấp mai táng phí cụ thể là bao nhiêu. Để biết chính xác mức hỗ trợ này, bạn cần tham khảo thêm các văn bản quy định chi ",2025-04-03 11:44:16
Q72,"Trường hợp tôi đi điều dưỡng được vài ngày thì có việc gấp phải về, vậy tôi có được nhận đủ tiền điều dưỡng không?",101_2018_TT_BTC_ch2_art6,"101_2018_TT_BTC_ch2_art6,101_2018_TT_BTC_ch2_art7,101_2018_TT_BTC_ch3_art17,101_2018_TT_BTC_ch2_art10,101_2018_TT_BTC_ch2_art8_9",1.0,0.06415867805480957,4.475692272186279,4.539850950241089,"Nếu không tiếp tục điều dưỡng vì lý do khách quan, bạn được thanh toán tiền ăn và chi phí theo số ngày thực tế, được nhận đủ tiền thuốc và quà tặng. Nếu điều dưỡng dưới 30% thời gian đợt, có thể được xem xét cho đi điều dưỡng đợt kế tiếp.","Chào bạn, tôi là trợ lý tư vấn về chính sách người có công. Dựa trên thông tin bạn cung cấp và các văn bản pháp luật hiện hành, tôi xin trả lời câu hỏi của bạn như sau:

**Bạn có thể không được nhận đủ tiền điều dưỡng nếu không thực hiện hết thời gian điều dưỡng tập trung, tuy nhiên sẽ được thanh toán một phần chi phí.**

**Giải thích chi tiết:**

Theo Thông tư 101/2018/TT-BTC, Điều 6 Khoản 2 Điểm d quy định về phương thức thanh toán trong trường hợp đối tượng không tiếp tục thực hiện điều dưỡng",2025-04-03 11:44:20
Q73,"Tôi là con của liệt sĩ, bố tôi đã hy sinh từ năm 1970 và mộ ở nghĩa trang liệt sĩ cách nhà tôi khoảng 600km. Nếu tôi muốn đi thăm viếng mộ bố thì được hỗ trợ bao nhiêu?",101_2018_TT_BTC_ch2_art12_13,"101_2018_TT_BTC_ch2_art12_13,101_2018_TT_BTC_ch2_art11,47_2009_TTLT_BTC_BLĐTBXH_art4,101_2018_TT_BTC_ch1_art1_3,101_2018_TT_BTC_ch2_art7",1.0,0.10020685195922852,3.2574503421783447,3.3576571941375732,"Với khoảng cách 600km, bạn sẽ được hỗ trợ 1.200.000 đồng (2.000 đồng/km × 600km) cho cả lượt đi và về. Hỗ trợ này áp dụng mỗi năm một lần, tối đa cho 3 người thân.","Chào bạn, tôi là trợ lý tư vấn về chính sách ưu đãi người có công. Dựa trên thông tin bạn cung cấp, tôi xin giải đáp thắc mắc của bạn như sau:

**Bạn sẽ được hỗ trợ tiền tàu xe và tiền ăn khi đi thăm viếng mộ liệt sĩ là thân sinh của bạn.**

**Giải thích chi tiết:**

Theo quy định tại **Điều 12, Thông tư 101/2018/TT-BTC**, thân nhân liệt sĩ (tối đa ba người) được cấp giấy giới thiệu đi thăm viếng mộ liệt sĩ trong nước sẽ được hỗ trợ:

*   **Tiền tàu xe và tiền ăn:** Mức hỗ trợ là **2.000 đồng/km",2025-04-03 11:44:24
Q74,"Mẹ tôi hưởng chế độ trợ cấp thương binh, vừa mất tháng trước nhưng chưa nhận tiền trợ cấp, vậy tiền trợ cấp tháng đó có được trả không?",101_2018_TT_BTC_ch3_art20_21,"101_2018_TT_BTC_ch1_art1_3,101_2018_TT_BTC_ch2_art4,49_2012_QĐ_UBND_regulation_ch2_art8,101_2018_TT_BTC_ch2_art15,101_2018_TT_BTC_ch2_art5",0.0,0.09537220001220703,4.725375175476074,4.820747375488281,"Tiền trợ cấp của tháng mẹ bạn mất nhưng chưa nhận vẫn được chi trả. Theo quy định về truy lĩnh, trường hợp đối tượng chưa được hưởng đầy đủ mức trợ cấp thì được truy lĩnh. Bạn nên liên hệ Phòng Lao động-TB&XH nơi mẹ đăng ký để làm thủ tục.","Chào bạn, tôi là trợ lý tư vấn về chính sách người có công. Dựa trên thông tin bạn cung cấp và các văn bản pháp luật hiện có, tôi xin trả lời câu hỏi của bạn như sau:

**Câu trả lời ngắn gọn:**

Về nguyên tắc, nếu mẹ bạn qua đời trong tháng mà chưa kịp nhận tiền trợ cấp thương binh, khoản tiền này có thể được xem xét chi trả cho người thân của mẹ bạn. Tuy nhiên, việc chi trả này phụ thuộc vào quy định cụ thể của pháp luật và các thủ tục hành chính liên quan.

**Giải thích chi tiết:**

1.  **Về c",2025-04-03 11:44:28
Q75,Tiền điều dưỡng tại nhà được chi trả như thế nào?,101_2018_TT_BTC_ch2_art6,"101_2018_TT_BTC_ch2_art6,101_2018_TT_BTC_ch2_art10,101_2018_TT_BTC_ch2_art7,101_2018_TT_BTC_ch2_art8_9,101_2018_TT_BTC_ch2_art5",1.0,0.10948538780212402,2.687926769256592,2.797412157058716,"Tiền điều dưỡng tại nhà được chi trực tiếp cho đối tượng được hưởng, với mức chi theo quy định tại điểm b khoản 3 Điều 53 Nghị định số 31/2013/NĐ-CP.","Tôi là trợ lý tư vấn về chính sách người có công, không phải người có công với cách mạng, nên tôi sẽ trả lời câu hỏi của bạn dựa trên các quy định hiện hành về chi trả tiền điều dưỡng tại nhà cho đối tượng thuộc diện chính sách người có công nói chung.

**Trả lời:**

Tiền điều dưỡng tại nhà được chi trả trực tiếp cho đối tượng được hưởng, theo mức chi quy định tại điểm b khoản 3 Điều 53 Nghị định số 31/2013/NĐ-CP (Thông tư 101/2018/TT-BTC, Điều 6, khoản 1).

**Giải thích chi tiết:**

1.  **Đối t",2025-04-03 11:44:31
Q76,"Tôi thấy ở quê tôi có nhiều người được cất nhà tình nghĩa, không biết kinh phí từ đâu ra vậy?","101_2018_TT_BTC_ch1_art1_3,49_2012_QĐ_UBND_regulation_ch1","49_2012_QĐ_UBND_preamble,101_2018_TT_BTC_preamble,101_2018_TT_BTC_ch2_art11,47_2009_TTLT_BTC_BLĐTBXH_art1_2,47_2009_TTLT_BTC_BLĐTBXH_preamble",0.0,0.10475611686706543,6.393800258636475,6.49855637550354,Các văn bản pháp luật được cung cấp không quy định cụ thể về kinh phí xây dựng nhà tình nghĩa. Nguồn kinh phí này thường đến từ ngân sách địa phương và các nguồn huy động khác như quỹ 'Đền ơn đáp nghĩa'.,"Chào bạn, tôi là trợ lý tư vấn về chính sách người có công. Dưới đây là thông tin về nguồn kinh phí xây nhà tình nghĩa mà bạn hỏi, được trích từ các văn bản pháp luật hiện hành:

**1. Nguồn kinh phí:**

*   **Ngân sách Trung ương:** Đảm bảo nguồn kinh phí để thực hiện chính sách ưu đãi người có công. Bộ Tài chính và Kho bạc Nhà nước có trách nhiệm đảm bảo đầy đủ và kịp thời kinh phí cho cơ quan Lao động - Thương binh và Xã hội (LĐTBXH) (Điều 1, Thông tư liên tịch 47/2009/TTLT-BTC-BLĐTBXH).
*   *",2025-04-03 11:44:38
Q77,"Tháng sau tôi đưa bố tôi đi làm chân giả, không biết cơ quan nào sẽ chi trả tiền đi lại?",101_2018_TT_BTC_ch2_art7,"101_2018_TT_BTC_ch2_art7,101_2018_TT_BTC_ch2_art12_13,101_2018_TT_BTC_ch2_art15,49_2012_QĐ_UBND_regulation_ch2_art9,49_2012_QĐ_UBND_regulation_ch2_art8",1.0,0.0593869686126709,3.3015289306640625,3.3609158992767334,"Cơ quan Lao động - Thương binh và Xã hội sẽ chi trả tiền hỗ trợ đi làm chân giả (5.000 đồng/km, tối đa 1.400.000 đồng/người). Bạn cần liên hệ Phòng Lao động-TB&XH cấp quận/huyện nơi bố bạn đăng ký hưởng trợ cấp.","Chào bạn, tôi là trợ lý tư vấn về chính sách người có công. Dựa trên thông tin bạn cung cấp, tôi xin trả lời như sau:

**Tóm tắt:**

Bố của bạn có thể được hỗ trợ tiền ăn và tiền tàu xe khi đi làm chân giả. Mức hỗ trợ được tính theo khoảng cách từ nơi cư trú đến cơ sở y tế gần nhất có đủ khả năng cung cấp dụng cụ chỉnh hình, nhưng tối đa không quá 1.400.000 đồng.

**Giải thích chi tiết:**

Theo quy định tại điểm a khoản 2 Điều 7 của Thông tư 101/2018/TT-BTC, đối tượng được hưởng chế độ cấp phươn",2025-04-03 11:44:41
Q78,"Tôi là thương binh hạng 1/4, bị mất 1 chân. Tôi được cấp mấy năm 1 lần chân giả và được hỗ trợ bao nhiêu tiền?","101_2018_TT_BTC_ch2_art7,101_2018_TT_BTC_appendix","101_2018_TT_BTC_ch2_art7,101_2018_TT_BTC_ch2_art4,101_2018_TT_BTC_appendix,101_2018_TT_BTC_preamble,47_2009_TTLT_BTC_BLĐTBXH_art3",1.0,0.09927105903625488,4.394705533981323,4.493976593017578,"Với thương binh mất 1 chân, niên hạn cấp chân giả là 2 năm/lần, với mức 3.600.000 đồng (chân giả dưới gối) hoặc 3.800.000 đồng (chân giả trên gối). Ngoài ra còn được hưởng vật phẩm phụ (200.000 đồng/năm) và hỗ trợ đi làm dụng cụ (5.000 đồng/km, tối đa 1.400.000 đồng).","Chào bạn, tôi là trợ lý tư vấn về chính sách ưu đãi người có công. Dưới đây là thông tin về việc cấp chân giả và hỗ trợ chi phí cho thương binh dựa trên các văn bản pháp luật hiện hành:

**1. Về việc cấp chân giả:**

*   **Niên hạn cấp:** Theo Phụ lục ban hành kèm theo Thông tư 101/2018/TT-BTC, niên hạn cấp chân giả cho thương binh phụ thuộc vào loại chân giả. Ví dụ, chân giả trên gối được cấp 2 năm một lần, trong khi chân giả tháo khớp hông được cấp 3 năm một lần.
*   **Mức cấp:** Mức tiền cấp ",2025-04-03 11:44:46
Q79,"Tôi đang hưởng chính sách người có công, nay tôi muốn đi công tác sang nước ngoài khoảng 5 tháng. Vậy trong thời gian đi, tôi có được nhận tiền trợ cấp không?","101_2018_TT_BTC_ch3_art20_21,49_2012_QĐ_UBND_regulation_ch2_art8","101_2018_TT_BTC_ch2_art4,101_2018_TT_BTC_ch2_art7,101_2018_TT_BTC_preamble,49_2012_QĐ_UBND_preamble,101_2018_TT_BTC_ch1_art1_3",0.0,0.10536599159240723,2.8171615600585938,2.9381906986236572,"Các văn bản không quy định cụ thể về tạm dừng trợ cấp khi đi công tác nước ngoài ngắn hạn. Bạn vẫn được nhận trợ cấp, nhưng nên thông báo cho Phòng Lao động-TB&XH và làm thủ tục ủy quyền cho người thân nhận hộ trong thời gian đi vắng.","Chào bạn,

Tôi là trợ lý tư vấn về chính sách người có công. Dựa trên thông tin bạn cung cấp và các văn bản pháp luật hiện hành, tôi có thể cung cấp một số thông tin như sau:

Hiện tại, không có quy định cụ thể nào trong các văn bản được cung cấp đề cập trực tiếp đến việc người hưởng chính sách người có công đi công tác nước ngoài có bị ảnh hưởng đến trợ cấp hay không.

Tuy nhiên, theo Thông tư 101/2018/TT-BTC, kinh phí thực hiện chính sách ưu đãi người có công được chi trả hàng tháng cho các đố",2025-04-03 11:44:49
Q80,Để có thẻ bảo hiểm y tế người có công thì tôi cần làm những thủ tục gì?,"101_2018_TT_BTC_ch2_art5,49_2012_QĐ_UBND_regulation_ch2_art7","101_2018_TT_BTC_ch2_art5,63_2010_NĐ_CP_ch3_art16_19,101_2018_TT_BTC_ch3_art19,49_2012_QĐ_UBND_preamble,47_2009_TTLT_BTC_BLĐTBXH_art4",0.5,0.0955193042755127,4.511763334274292,4.611112594604492,"Các văn bản không quy định cụ thể thủ tục cấp thẻ BHYT. Thông thường, sau khi được công nhận là người có công, cơ quan LĐTBXH sẽ phối hợp với BHXH để cấp thẻ. Bạn nên liên hệ Phòng LĐTBXH nơi cư trú để được hướng dẫn cụ thể.","Để được cấp thẻ bảo hiểm y tế, bạn cần thuộc đối tượng được hưởng chế độ trợ cấp, phụ cấp hàng tháng theo quy định hoặc là đối tượng không hưởng trợ cấp hàng tháng theo quy định của pháp luật.

**Giải thích chi tiết:**

1.  **Đối tượng được cấp thẻ BHYT:**
    *   Người đang hưởng chế độ trợ cấp, phụ cấp hàng tháng (trừ những người đồng thời đang tham gia bảo hiểm xã hội bắt buộc, hưởng lương hưu, trợ cấp bảo hiểm xã hội, trợ cấp bảo hiểm thất nghiệp hàng tháng).
    *   Đối tượng không hưởng tr",2025-04-03 11:44:53
Q81,Muốn di chuyển mộ liệt sĩ từ nghĩa trang liệt sĩ về nghĩa trang gia đình thì được hỗ trợ những gì?,101_2018_TT_BTC_ch2_art12_13,"101_2018_TT_BTC_ch2_art12_13,101_2018_TT_BTC_ch2_art11,47_2009_TTLT_BTC_BLĐTBXH_art4,101_2018_TT_BTC_ch1_art1_3,101_2018_TT_BTC_ch2_art7",1.0,0.10091066360473633,4.702637434005737,4.803548097610474,"Khi di chuyển mộ liệt sĩ về nghĩa trang gia đình, được hỗ trợ: (1) Tiền tàu xe và tiền ăn cho thân nhân (2.000 đồng/km, tối đa 2.400.000 đồng/người), (2) Kinh phí cất bốc và di chuyển (4.000.000 đồng/hài cốt), (3) Tiền xây vỏ mộ nếu chôn cất tại nghĩa trang dòng họ.","Việc di chuyển mộ liệt sĩ từ nghĩa trang liệt sĩ về nghĩa trang gia đình sẽ được hỗ trợ theo quy định của pháp luật hiện hành. Cụ thể như sau:

**Các khoản hỗ trợ:**

1.  **Hỗ trợ tiền tàu xe và tiền ăn:**
    *   Số lượng người được hỗ trợ: Tối đa ba người (thân nhân liệt sĩ, người được thân nhân ủy quyền hoặc người thờ cúng liệt sĩ).
    *   Mức hỗ trợ: Theo đơn giá 2.000 đồng/km nhân với khoảng cách từ nơi cư trú đến nghĩa trang liệt sĩ (hoặc địa phương nơi liệt sĩ hy sinh), bao gồm cả lượt đ",2025-04-03 11:44:58
Q82,Một người ở xa muốn đi thăm viếng mộ liệt sĩ thì có phải làm thủ tục gì với chính quyền không?,101_2018_TT_BTC_ch2_art12_13,"101_2018_TT_BTC_ch2_art12_13,101_2018_TT_BTC_ch2_art11,47_2009_TTLT_BTC_BLĐTBXH_art4,63_2010_NĐ_CP_ch3_art16_19,63_2010_NĐ_CP_annex1",1.0,0.11110997200012207,3.6495048999786377,3.7606148719787598,"Có, người đi thăm viếng mộ liệt sĩ muốn hưởng chế độ hỗ trợ phải được cơ quan Lao động-Thương binh và Xã hội cấp giấy giới thiệu. Cần liên hệ Phòng LĐTBXH nơi cư trú để được hướng dẫn thủ tục cụ thể.","Chào bạn, tôi là trợ lý tư vấn về chính sách người có công. Về câu hỏi của bạn, tôi xin trả lời như sau:

Việc thăm viếng mộ liệt sĩ không yêu cầu thủ tục hành chính cụ thể với chính quyền, nhưng nếu bạn là **thân nhân liệt sĩ** (không quá ba người) hoặc **người thờ cúng liệt sĩ** và muốn nhận hỗ trợ từ nhà nước, bạn cần làm thủ tục để được cấp giấy giới thiệu.

**Giải thích chi tiết:**

1.  **Quy định về hỗ trợ thăm viếng mộ liệt sĩ:**
    *   Theo Điều 12, Thông tư 101/2018/TT-BTC, thân nhân l",2025-04-03 11:45:02
Q83,"Tôi thấy văn bản nói về cấp báo Nhân dân miễn phí cho người hoạt động cách mạng, vậy tôi cần chuẩn bị gì để được nhận báo?",101_2018_TT_BTC_ch2_art8_9,"63_2010_NĐ_CP_ch3_art16_19,49_2012_QĐ_UBND_preamble,47_2009_TTLT_BTC_BLĐTBXH_preamble,101_2018_TT_BTC_preamble,47_2009_TTLT_BTC_BLĐTBXH_art4",0.0,0.11223292350769043,4.730294704437256,4.842527627944946,"Thông tư 101/2018/TT-BTC có quy định về cấp tiền mua báo Nhân dân cho người hoạt động cách mạng trước cách mạng tháng 8/1945, nhưng không nêu cụ thể thủ tục. Bạn cần liên hệ Phòng LĐTBXH nơi đang hưởng trợ cấp để được hướng dẫn.","Chào bạn, tôi là trợ lý tư vấn về chính sách người có công. Dựa trên thông tin bạn cung cấp, tôi xin giải đáp thắc mắc của bạn như sau:

**1. Về việc cấp báo Nhân dân miễn phí:**

Theo **Điều 4, Thông tư liên tịch 47/2009/TTLT-BTC-BLĐTBXH**, một trong những khoản chi ưu đãi khác là:

*   ""Chi cấp Báo Nhân dân cho người hoạt động cách mạng trước ngày 01/01/1945, người hoạt động cách mạng từ ngày 01/01/1945 đến trước tổng khởi nghĩa 19/8/1945.""

**2. Về thủ tục để được nhận báo:**

Đoạn văn bản bạ",2025-04-03 11:45:07
Q84,"Tôi đang là trụ cột trong gia đình, mẹ tôi là người có công, giờ mẹ tôi mất rồi thì ai sẽ là người thờ cúng, có được hưởng trợ cấp không?",101_2018_TT_BTC_ch2_art8_9,"101_2018_TT_BTC_ch2_art4,101_2018_TT_BTC_ch1_art1_3,47_2009_TTLT_BTC_BLĐTBXH_art3,101_2018_TT_BTC_ch2_art12_13,47_2009_TTLT_BTC_BLĐTBXH_art4",0.0,0.10757875442504883,3.8278555870056152,3.935434341430664,"Theo Thông tư 101/2018/TT-BTC, chỉ có trợ cấp thờ cúng đối với liệt sĩ không còn thân nhân hưởng trợ cấp tiền tuất. Nếu mẹ bạn không phải liệt sĩ mà là đối tượng người có công khác, khi mất đi thì không có quy định về trợ cấp thờ cúng.","Chào bạn, tôi là trợ lý tư vấn về chính sách người có công. Dựa trên thông tin bạn cung cấp, tôi xin trả lời như sau:

**Về việc thờ cúng và hưởng trợ cấp sau khi mẹ bạn (là người có công) qua đời:**

Tôi rất tiếc, các văn bản pháp luật hiện tại mà tôi có không quy định cụ thể về việc ai sẽ là người thờ cúng sau khi người có công qua đời. Tuy nhiên, việc thờ cúng thường theo phong tục, tập quán gia đình.

**Về trợ cấp sau khi người có công qua đời:**

Tôi không tìm thấy quy định nào về việc trợ ",2025-04-03 11:45:10
Q85,"Tui nghe nói Quyết định 49/2012 của TPHCM có quy định về việc chi trả trợ cấp người có công qua ngân hàng, vậy tôi làm thủ tục ra sao?","49_2012_QĐ_UBND_regulation_ch2_art8,101_2018_TT_BTC_ch2_art15","49_2012_QĐ_UBND_preamble,101_2018_TT_BTC_ch3_art20_21,49_2012_QĐ_UBND_regulation_ch1,101_2018_TT_BTC_ch2_art15,101_2018_TT_BTC_ch2_art4",0.5,0.11103224754333496,3.906122922897339,4.017155170440674,"Quyết định 49/2012/QĐ-UBND không quy định cụ thể thủ tục chi trả qua ngân hàng. Thông tư 101/2018/TT-BTC đề cập đến chi trả qua thẻ ATM thông qua tổ chức dịch vụ chi trả. Để đăng ký, bạn nên liên hệ Phòng LĐTBXH nơi đang hưởng trợ cấp, làm đơn đề nghị và cung cấp thông tin tài khoản.","Chào bạn, tôi là trợ lý tư vấn về chính sách người có công. Về câu hỏi của bạn liên quan đến việc chi trả trợ cấp qua ngân hàng theo Quyết định 49/2012/QĐ-UBND của TPHCM, tôi xin cung cấp thông tin như sau:

**1. Quyết định 49/2012/QĐ-UBND có liên quan đến quản lý kinh phí chi trả, không trực tiếp quy định thủ tục chi trả qua ngân hàng.**

   - Quyết định này ban hành Quy chế quản lý kinh phí chi thực hiện chính sách ưu đãi người có công và người trực tiếp tham gia kháng chiến trên địa bàn TPHCM",2025-04-03 11:45:14
Q86,"Thời gian gần đây tôi không thấy mình được cấp tiền mua báo Nhân dân nữa, không biết mình có bị cắt chế độ không?",101_2018_TT_BTC_ch2_art8_9,"49_2012_QĐ_UBND_preamble,101_2018_TT_BTC_preamble,47_2009_TTLT_BTC_BLĐTBXH_art4,49_2012_QĐ_UBND_art1_3,101_2018_TT_BTC_ch2_art4",0.0,0.1013326644897461,3.5804905891418457,3.681823253631592,"Nếu bạn thuộc diện người hoạt động cách mạng trước cách mạng tháng 8/1945 (đối tượng được cấp tiền mua báo Nhân dân), nhưng không nhận được nữa, có thể do thay đổi chính sách, nhầm lẫn, hoặc vấn đề hồ sơ. Bạn nên liên hệ Phòng LĐTBXH nơi hưởng trợ cấp để được giải quyết.","Chào bạn, tôi là trợ lý tư vấn về chính sách ưu đãi người có công. Dựa trên thông tin bạn cung cấp, tôi sẽ giải đáp thắc mắc của bạn về việc cấp tiền mua báo Nhân dân như sau:

**1. Về việc cấp tiền mua báo Nhân dân:**

Việc cấp tiền mua báo Nhân dân cho một số đối tượng thuộc diện người có công là một trong những chính sách ưu đãi của Nhà nước. Cụ thể, theo Điều 4 của Thông tư liên tịch số 47/2009/TTLT-BTC-BLĐTBXH, khoản chi này áp dụng cho:

*   **Người hoạt động cách mạng trước ngày 01/01/194",2025-04-03 11:45:18
SUMMARY,Avg scores for 86 questions,,,0.5310077519379844,0.09728687031324519,3.9685104614080386,4.067134535589884,,,2025-04-03 11:45:18
