Số ký hiệu,Tên văn bản
225/KH-BLĐTBXH,Kế hoạch tặng quà người có công với cách mạng dịp Tết Nguyên đán Ất Tỵ năm 2025
2083/QĐ-BLĐTBXH,Quyết định số 2083/QĐ-BLĐTBXH về việc công bố thủ tục hành chính tiếp nhận trực tuyến trên cổng Dịch vụ công Quốc gia
258/KL-TTr,Thông báo Kết luận số 258/KL-TTr ngày 21/11/2024 kết quả kiểm tra việc thực hiện Kết luận thanh tra số 206/KL-TTr ngày 21/5/2021 của Chánh Thanh tra Bộ LĐTBXH về thực hiện chính sách ưu đãi người có công với cách mạng tại Tỉnh Thừa Thiên Huế
1871/QĐ-BLĐTBXH,Quyết định số 1871/QĐ-BLĐTBXH về việc phê duyệt kế hoạch lựa chọn nhà thầu dự án Trung tâm điều dưỡng người có công tỉnh An Giang
5162/VBHN-BLĐTBXH,Văn bản hợp nhất số 5162/VBHN-BLĐTBXH; Nghị định quy định chi tiết và biện pháp thi hành Pháp lệnh ưu đãi người có công với cách mạng
5161/VBHN-BLĐTBXH,"Văn bản hợp nhất số 5161/VBHN-BLĐTBXH; Thông tư hướng dẫn về thủ tục lập hồ sơ, quản lý hồ sơ, thực hiện chế độ ưu đãi người có công với cách mạng và thân nhân liệt sĩ"
4804/VBHN-BLĐTBXH,"Văn bản hợp nhất số 4804/VBHN-BLĐTBXH - Nghị định quy định mức trợ cấp, phụ cấp và các chế độ ưu đãi người có công với cách mạng"
1544/QĐ-BLĐTBXH,Quyết định số  1544/QĐ-BLĐTBXH về việc phê duyệt kế hoạch lựa chọn nhà thầu một số gói thầu dự án Trung tâm Điều dưỡng Người có công tỉnh Bạc Liêu
4286/BLÐTBXH-CNCC,"Công văn số 4286/BLÐTBXH-CNCC về việc góp ý dự thảo sửa đổi Nghị định sửa đổi, bổ sung một số điều của Nghị định số 131/2021/NĐ-CP ngày 30/12/2021 của Chính phủ"
4270/BLÐTBXH-VKHTC,"Công văn số 4270/BLÐTBXH-VKHTC về việc rà soát, báo cáo nhu cầu kinh phí thực hiện pháp lệnh ưu đãi Người có công với Cách mạng năm 2024 theo Nghị định số 55/2023/NĐ-CP"
3204/BLÐTBXH-VP,Công văn số 3204/BLÐTBXH-VP về việc thông báo tiếp tục tổ chức hoạt động kỷ niệm 77 năm ngày Thương binh - Liệt sĩ
3205/BLÐTBXH-VP,Công văn số 3205/BLÐTBXH-VP về việc thông báo tiếp tục tổ chức hoạt động kỷ niệm 77 năm Ngày Thương binh - Liệt sĩ
3202/BLĐTBXH-VP,Thông báo hoãn tổ chức hoạt động kỷ niệm 77 năm ngày Thương binh - Liệt sĩ
3030/KH-BLĐTBXH,Kế hoạch tổ chức các hoạt động kỷ niệm 77 năm ngày Thương binh - Liệt sĩ (27/71947 - 27/7/2024)
2833/BLÐTBXH-CNCC,Công văn số 2833/BLĐTBXH-CNCC hướng dẫn tặng quà của Chủ tịch nước nhân dịp kỷ niệm 77 năm ngày Thương binh - Liệt sĩ (27/7/1947 - 27/7/2024)
798/QĐ-BLĐTBXH,"Quyết định số 798/QĐ-BLĐTBXH về việc quy định chức năng, nhiệm vụ, quyền hạn và cơ cấu tổ chức của Bệnh viện Chỉnh hình và Phục hồi chức năng Đà Nẵng"
737/QĐ-BLĐTBXH,Quyết định số 737/QĐ-BLĐTBXH về việc phê duyệt điều chỉnh dự án và kế hoạch lựa chọn nhà thầu dự án trung tâm điều dưỡng người có công tỉnh Nghệ An - giai đoạn 2
551/CNCC-CS2,Công văn bãi bỏ công văn số 144/NCC-CS2
457/QĐ-BLĐTBXH,Quyết định về việc phê duyệt kế hoạch lựa chọn nhà thầu một số gói thầu của dự án Trung tâm Điều dưỡng người có công tỉnh Long An
836/VBHN-BLĐTBXH,Văn bản hợp nhất số 836/VBHN-BLĐTBXH - Thông tư hướng dẫn thực hiện Quyết định 170/2008/QĐ-TTg ngày 18/12/2008 của Thủ tướng Chính phủ về chế độ BHYT và trợ cấp mai táng đối với thanh niên xung phong thời kỳ kháng chiến chống Pháp
835/VBHN-BLĐTBXH,Văn bản hợp nhất số 835/VBHN-BLĐTBXH - Thông tư liên tịch hướng dẫn chế độ trợ cấp đối với thanh niên xung phong đã hoàn thành nhiệm vụ trong kháng chiến theo Quyết định số 40/2011/QĐ-TTg
834/VBHN-BLĐTBXH,"Văn bản hợp nhất số 834/VBHN-BLĐTBXH - Nghị định quy định mức hưởng trợ cấp, phụ cấp và các chế độ ưu đãi người có công với cách mạng"
1638/QĐ-LĐTBXH,Quyết định số 1638/QĐ-LĐTBXH Quyết định về việc phê duyệt kế hoạch lựa chọn nhà thầu một số gói thầu thuộc dự án Trung tâm Điều dưỡng người có công tỉnh Bạc Liêu
720/QĐ-LĐTBXH,"Công văn số 720/QĐ-LĐTBXH Vv phê duyệt kế hoạch lựa chọn nhà thầu công trình sửa chữa, bảo trì một số hạng mục thuộc trung tâm điều dưỡng thương binh Duy Tiên"
31/QĐ-LĐTBXH,Quyết định số 31/QĐ-LĐTBXH Quyết định Điều chỉnh giá gói thầu thiết bị của Dự án Trung tâm Điều dưỡng người có công và Phục hồi chức năng Thành phố Hồ Chí Minh do lỗi số học
1224/QĐ- LĐTBXH,"Quyết định số 1224/QĐ- LĐTBXH Quyết định Phê duyệt kế hoạch lựa chọn nhà thầu một số gói thầu thiết bị, tư vấn của Dự án Trung tâm Điều dưỡng người có công và Phục hồi chức năng Thành phố Hồ Chí Minh"
1185/QĐ-LĐTBXH,Quyết định số 1185/QĐ-LĐTBXH Quyết định về việc phê duyệt kế hoạch lựa chọn nhà thầu một số gói thầu thuộc dự án Trung tâm Điều dưỡng Người có công tỉnh Bạc Liêu
1047/QĐ-LĐTBXH,Quyết định số 1047/QĐ-LĐTBXH V/v phê duyệt kế hoạch lựa chọn nhà thầu một số gói thầu dự án Trung tâm DDNCC tỉnh Vĩnh Long
1018/QĐ-LĐTBXH,Quyết định số	1018/QĐ-LĐTBXH VV phê duyệt lựa chọn nhà thầu một số gói thầu dự án trung tâm điều dưỡng NCC tỉnh Nghệ An - giai đoạn 2
982/QĐ-LĐTBXH,Quyết định số 982/QĐ-LĐTBXH Quyết định về việc phê duyệt kế hoạch lựa chọn nhà thầu một số gói thầu dự án Trung tâm Điều dưỡng người có công tỉnh Bình Định
949/QĐ-LĐTBXH,Quyết định số Quyết định về việc phê duyệt kế hoạch lựa chọn nhà thầu một số gói thầu dự án Trung tâm Điều dưỡng người có công tình Thanh Hóa
921/QĐ-LĐTBXH,Quyết định số 921/QĐ-LĐTBXH Vv phê duyệt kế hoạch lựa chọn nhà thầu một số gói thầu dự án trung tâm phục hồi sức khoẻ người có công Sầm Sơn
2169/LĐTBXH-KHTC,Công văn số 2169/LĐTBXH-KHTC V/v xây dựng dự toán ngân sách nhà nước năm 2023 và kế hoạch tài chính - NSNN 3 năm 2023-2025 (Vốn sự nghiệp)
2167/LĐTBXH-KHTC,Công văn số 2167/LĐTBXH-KHTC V/v xây dựng dự toán ngân sách trung ương thực hiện Pháp lệnh ưu đãi NCC với cách mạng năm 2023 và kế hoạch tài chính - NSNN 03 năm 2023-2025
395/TB-LĐTBXH,Thông báo số 395/TB-LĐTBXH Kết luận giải quyết chính sách với công dân Khúc Văn Long
101/QĐ-LĐTBXH,Quyết định số 101/QĐ-LĐTBXH Về việc phê duyệt kế hoạch lựa chọn nhà thầu một số gói thầu Dự án Trung tâm Điều dưỡng Người có công tỉnh Đồng Tháp
3914/LĐTBXH-KHTC,"Công văn số 3914/LĐTBXH-KHTC V/v hướng dẫn điều kiện phân bổ kinh phí hỗ trợ cải tạo, nâng cấp, sửa chữa, bảo trì các cơ sở nuôi dưỡng, điều dưỡng và kho lưu trữ hồ sơ người có công từ nguồn vốn sự nghiệp thực hiện Pháp lệnh Ưu đãi NCC với cách mạng năm 2022"
972/QĐ-LĐTBXH,"Quyết định số 972/QĐ-LĐTBXH về việc phê duyệt kế hoạch lựa chọn nhà thầu gói thầu ""Mua sắm, cung cấp và lắp đặt trang thiết bị"" dự án Trung tâm Điều dưỡng người có công tỉnh Bình Định"
2510/LĐTBXH-NCC,"Công văn số 2510/LĐTBXH-NCC V/v đề nghị tham gia ý kiến đối với hồ sơ trình Đề án Quy hoạch hệ thống cơ sở xã hội nuôi dưỡng, điều dưỡng người có công với cách mạng thời kỳ 2021-2030, tầm nhìn đến năm 2050"
75/2021/NĐ-CP,"Nghị định số 75/2021/NĐ-CP Quy định mức hưởng trợ cấp, phụ cấp  và các chế độ ưu đãi người có công với cách mạng"
1142/QĐ/CTN,Quyết định số 1142/QĐ/CTN 	V/v tặng quà nhân dịp kỷ niệm 74 năm ngày TBLS
1097/QĐ-CTN,Quyết định số 1097/QĐ-CTN về việc tặng quà nhân dịp kỷ niệm 73 năm ngày Thương binh - Liệt sĩ (27/7/1947 - 27/7/2020)
70/QĐ-TTg,"Quyết định số 70/QĐ-TTg Về việc cấp Bằng ""Tổ quốc ghi công"""
03/TTr-LĐTBXH,"Trờ trình số 03/TTr-LĐTBXH Về việc cấp bằng ""Tổ quốc ghi công"""
2984/LĐTBXH-VP,Triệu tập Thủ trưởng đơn vị tham dự các hoạt động kỷ niệm 72 năm ngày Thương binh - Liệt sĩ
2638/LĐTBXH-KHTC,Công văn số 2638/LĐTBXH-KHTC V/v xây dựng dự toán ngân sách trung ương thực hiện Pháp lệnh ưu đãi NCC với cách mạng năm 2020 và kế hoạch tài chính – NSNN 03 năm 2020-202
2464/KH-LĐTBXH,Kế hoạch số 2464/KH-LĐTBXH Thăm tặng quà nhân kỷ niệm 72 năm ngày Thương binh - Liệt sĩ
752/QĐ-LĐTBXH,Quyết định số 752/QĐ-LĐTBXH Thành lập Ban soạn thảo xây dung Pháp lệnh Ưu đãi người có công với cách mạng (sửa đổi)
1045/LĐTBXH-KHTC,"Công văn số 1045/LĐTBXH-KHTC v/v tham dự Hội nghị tập huấn hướng dẫn quản lý, sử dụng kinh phí thực hiện chính sách ưu đãi NCC với cách mạng"
5115/LĐTBXH-KHTC,Công văn số 5115/LĐTBXH-KHTC v/v thí điểm thực hiện chi trả trợ cấp ưu đãi người có công với cách mạng qua hệ thống Bưu điện
101/2018/TT-BTC,Thông tư số 101/2018/TT-BTC quy định quản lý và sử dụng kinh phí thực hiện chính sách ưu đãi người có công với cách mạng và người trực tiếp tham gia kháng chiến do ngành Lao động - Thương binh và Xã hội quản lý
4417/LĐTBXH-KHTC,"Công văn số 4417/LĐTBXH-KHTC v/v rà soát, báo cáo nhu cầu kinh phí thực hiện Pháp lệnh ưu đãi người có công năm 2018"
3583/LĐTBXH-NCC,Công văn số 3583/LĐTBXH-NCC V/v đề nghị chuẩn bị nội dung tham luận tại Hội nghị
2953/LĐTBXH-KHTC,"Công văn số 2953/LĐTBXH-KHTC ngày 23/07/2018 v/v báo cáo nhu cầu kinh phí thực hiện điều chỉnh mức trợ cấp, phụ cấp ưu đãi đối với NCC với cách mạng theo Nghị định số 99/2018/NĐ-CP"
102/2018/NĐ-CP,"Quy định chế độ hỗ trợ và một số chế độ đãi ngộ khác đối với người Việt Nam có công với cách mạng, người tham gia kháng chiến, chiến tranh bảo vệ Tổ quốc và làm nhiệm vụ quốc tế đang định cư ở nước ngoài"
2876/TB-LĐTBXH,Ý kiến của Bộ trưởng về việc phân công Lãnh đạo Bộ tham gia một số hoạt động trọng tâm kỷ niệm 71 năm ngày Thương binh - Liệt sĩ
2933/TB-LĐTBXH,V/v triệu tập đại biểu tham dự Chương trình nghệ thuật Ký ức thời Hoa Lửa
2836/TB-LĐTBXH,Kết luận về việc Sơ kết thực hiện thí điểm chi trả trợ cấp ưu đãi người có công với cách mạng qua hệ thống Bưu điện
773/QĐ-TTg,Bban hành Kế hoạch tổ chức thực hiện Chỉ thị số 14-CT/TW 2017 ngày 19/7/2017 của Ban Bí thư Trung ương Đảng khóa XII về tiếp tục tăng cường sự lãnh đạo của Đảng đối với công tác người có công với cách mạng
2825/KH-LĐTBXH,"Kế hoạch thăm, tặng quà nhân dịp Kỷ niệm 71 năm ngày Thương binh - Liệt sĩ (27/7/1947-27/7/2018)"
1079/QĐ-CTN,Về việc tặng quà nhân dịp kỷ niệm 71 năm ngày Thương binh - Liệt sĩ (27/7/1947-27/7/2018)
2735/KH-LĐTBXH,"Tổ chức Lễ trao Bằng Tổ quốc ghi công và ra mắt cổng thông tin điện tử về liệt sĩ, mộ liệt sĩ và nghĩa trang liệt sĩ"
2712/TB-LĐTBXH,V/v triệu tập đại biểu dự Hội nghị biểu dương người có công với cách mạng tiêu biểu toàn quốc năm 2018
2697/LĐTBXH-NCC,V/v hướng dẫn tặng quà của Chủ tịch nước nhân dịp kỷ niệm 71 năm ngày Thương binh - Liệt sĩ (27/7/1947-27/7/2018)
2610/LĐTBXH-NCC,V/v vận dụng Thông tư số 33/2017/TT-BLĐTBXH làm cơ sở giao định mức lao động
2509/LĐTBXH-NCC,V/v hướng dẫn khen thưởng tổng kết 05 năm thi hành Pháp lệnh Ưu đãi người có công với cách mạng
2460/LĐTBXH-NCC,V/v lựa chọn đại biểu dự Hội nghị biểu dương người có công tiêu biểu toàn quốc năm 2018
2459/KH-LĐTBXH,Kế hoạch tổ chức Hội nghị Biểu dương người có công với cách mạng tiêu biểu toàn quốc năm 2018
2289/LĐTBXH-KHTC,V/v đôn đốc gửi báo cáo nhu cầu kinh phí thực hiện Pháp lệnh ưu đãi người có công năm 2018
2198/LĐTBXH-NCC,"V/v cung cấp số liệu người hoạt động kháng chiến, người có công giúp đỡ cách mạng được tặng thưởng Huân chương kháng chiến, Huy chương kháng chiến"
2200/LĐTBXH-NCC,V/v hỗ trợ người có công với cách mạng và hộ nghèo có khó khăn về nhà ở
2178/TB-LĐTBXH,Kết luận của Bộ trưởng Bộ Lao động - Thương binh và Xã hội tại buổi làm việc với Hội Cựu thanh niên xung phong Việt Nam
2031/LĐTBXH-KHTC,V/v tham dự Sơ kết việc thực hiện thí điểm chi trả trợ cấp ưu đãi người có công với cách mạng qua hệ thống Bưu điện
515/QĐ-TTg,"V/v kiện toàn Ban Chỉ đạo quốc gia về tìm kiếm, quy tập và xác định danh tính hài cốt liệt sĩ"
1818/LĐTBXH-KHTC,"V/v tăng cường kỷ luật tài chính - ngân sách, chấn chỉnh khắc phục tồn tại trong quản lý, sử dụng kinh phí thực hiện chính sách ưu đãi người có công với cách mạng"
1704/LĐTBXH-KHTC,"V/v rà soát, báo cáo nhu cầu kinh phí thực hiện Pháp lệnh ưu đãi người có công năm 2018"
524/QĐ-LĐTBXH,Về việc phê duyệt dự toán và kế hoạch lựa chọn nhà thầu một số gói thầu Dự án Trung tâm phục hồi sức khỏe người có công Sầm Sơn
492/QĐ-LĐTBXH,Phê duyệt dự toán và kế hoạch lựa chọn nhà thầu một số gói thầu thuộc Dự án Trung tâm Điều dưỡng người có công và phục hồi chức năng thành phố Hồ Chí Minh
1374/LĐTBXH-KHTC,V/v tham gia ý kiến dự thảo Thông tư của Bộ Tài chính quy định quản lý và sử dụng kinh hí thực hiện chính sách ưu đãi NCC với cách mạng và người trực tiếp tham gia kháng chiến do ngành LĐTBXH quản lý
1101/LĐTBXH-NCC,"V/v triển khai thực hiện Đề án cổng thông tin điện tử về liệt sĩ, mộ liệt sĩ và nghĩa trang liệt sĩ"
1145/LĐTBXH-TTr,"V/v kiểm tra, rà soát thực hiện kết luận thanh tra"
1022/LĐTBXH-KHTC,V/v công khai quyết toán ngân sách nhà nước thực hiện chính sách ưu đãi người có công năm 2016
789/LĐTBXH-NCC,"V/v góp ý dự thảo Nghị định quy định mức trợ cấp, phụ cấp ưu đãi đối với người có công với cách mạng"
778/LĐTBXH-NCC,V/v góp ý Dự thảo Quyết định của Thủ tướng Chính phủ phê duyệt Kế hoạch triển khai thực hiện Chỉ thị số 14-CT/TW
220/LĐTBXH-NCC,V/v: Hướng dẫn tặng quà của Chủ tịch nước nhân dịp Tết Nguyên đán Mậu Tuất năm 2018
2051/QĐ-TTg,V/v kiện toàn Ban Quản lý Quỹ Đền ơn Đáp nghĩa Trung ương
2014/QĐ-TTg,V/v thay đổi thành viên Ban Chỉ đạo cấp Nhà nước về xác định hài cốt liệt sĩ còn thiếu thông tin
1892/QĐ-TTg,Về việc kiện toàn Ban Chỉ đạo cấp Nhà nước về xác định hài cốt liệt sĩ còn thiếu thông tin
1239/QĐ-LĐTBXH,"V/v phê duyệt hình thức quản lý dự án, thiết kế bản vẽ thi công, dự toán xây dựng công trình và kế hoạch lựa chọn nhà thầu dự án Trung tâm điều dưỡng người có công tỉnh Nam Định"
3612/LĐTBXH-VP,"V/v giải quyết khen thưởng thành tích trong các cuộc kháng chiến, làm nhiệm vụ quốc tế ở Campuchia, Lào và tuyến 1 biên giới phía Bắc, hải đảo xa"
3332/LĐTBXH-NCC,V/v thực hiện chế độ ưu đãi đối với cựu TNXP
2994/LĐTBXH-NCC,V/v thực hiện Đề án xác định hài cốt liệt sĩ còn thiếu thông tin
2767/LĐTBXH-TCCB,"V/v kỷ niệm 69 năm ngày thương binh, liệt sỹ 27/7"
2695/LĐTBXH-KHTC,V/v kế hoạch thẩm định quyết toán kinh phí thực hiện chính sách ưu đãi người có công với cách mạng năm 2015
1169/QĐ-TTg,"Về việc cấp Bằng ""Tổ quốc ghi công"""
2407/LĐTBXH-KHTC,V/v xây dựng dự toán ngân sách Trung ương thực hiện Pháp lệnh ưu đãi NCC với cách mạng năm 2017
2405/LĐTBXH-KHTC,"V/v tổng kết, báo cáo đánh giá công tác chi trả trợ cấp ưu đãi người có công với cách mạng"
1810/KH-LĐTBXH,Tổ chức các hoạt động kỷ niệm 69 năm ngày Thương binh - Liệt sĩ (27/7/1947-27/7/2016)
687/LĐTBXH-KHTC,V/v công khai quyết toán ngân sách nhà nước thực hiện chính sách ưu đãi người có công năm 2014 và thực hiện tổng rà soát việc thực hiện chính sách đối với người có công với cách mạng theo Chỉ thị số 23/CT-TTg
1008/LĐTBXH-NCC,V/v thực hiện Chỉ thị số 02/CT-TTg ngày 25/01/2016 của TTCP
522/TB-TTLS,Thông báo về việc lấy mẫu sinh phẩm thân nhân liệt sĩ
02/CT-TTg,Chỉ thị về tăng cường chỉ đạo thực hiện chính sách ưu đãi đối với người có công với cách mạng
203/LĐTBXH-KHTC,V/v Hướng dẫn thực hiện dự toán kinh phí thực hiện Pháp lệnh ưu đãi người có công năm 2016
28/QĐ-CTN,Về việc tặng quà cho các đối tượng có công với cách mạng nhân dịp Tết Nguyên đán Bính Thân năm 2016
1939/QĐ-LĐTBXH,Quyết định về việc phê duyệt kế hoạch lựa chọn nhà thầu một số gói thầu thuộc Dự án Trung tâm điều dưỡng người có công tỉnh Quảng Ninh (giai đoạn 2)
4753/LĐTBXH-KHTC,V/v sử dụng kinh phí thực hiện Pháp lệnh ưu đãi người có công năm 2015
4619/LĐTXBH-NCC,V/v thẩm định Đề án hỗ trợ NCC với cách mạng về nhà ở
4618/LĐTBXH-KHTC,V/v xây dựng Quy trình xác định danh tính hài cốt liệt sĩ còn thiếu thông tin
4589/LĐTBXH-NCC,V/v giám định lại thương tật
4416/LĐTBXH-KHTC,V/v sử dụng kinh phí không thường xuyên năm 2015 của các đơn vị trực thuộc Cục Người có công
490/QĐ-MTTW,Quyết định về việc tặng Bằng khen của Ủy ban Trung ương MTTQ Việt Nam
1487/QĐ-LĐTBXH,Quyết định về việc tặng Bằng khen
4122/LĐTBXH-NCC,V/v giám định lại thương tật
4120/LĐTBXH-NCC,V/v mời dự Hội nghị trực tuyến Tổng kết Chương trình Tổng rà soát việc thực hiện chính sách ưu đãi đối với người có công với cách mạng
3752/LĐTBXH-NCC,"V/v đôn đốc trả lời góp ý dự thảo Nghị định sửa đổi, bổ sung một số điều của Nghị định số 31/2013/NĐ-CP"
3359/LĐTBXH-NCC,V/v hướng dẫn tặng quà của Chủ tịch nước nhân dịp kỷ niệm 70 năm ngày Cách mạng tháng Tám 1945 và Quốc khánh 02/9
1319/QĐ-TTg,Quyết định về việc cấp Bằng Tổ quốc ghi công
3069/LĐTBXH-NCC,V/v thẩm định Đề án hỗ trợ người có công với cách mạng về nhà ở
3032/LĐTBXH-NCC,"V/v giái quyết chế độ người hoạt động kháng chiến bị địch bắt tù, đày"
3024/LĐTBXH-NCC,V/v giám định lại thương tật
1328/QĐ-CTN,Quyết định về việc tặng quà nhân dịp kỷ niệm 68 năm ngày Thương binh - Liệt sĩ (27/7/1947-27/7/2015)
2928/LĐTBXH-NCC,V/v đề nghị xác nhận người hưởng chính sách như thương binh
2865/LĐTBXH-NCC,V/v xin ý kiến điều chỉnh mức trợ cấp hàng tháng đối với TNXP
2864/LĐTBXH-NCC,V/v giải quyết các chế độ chính sách cho những trường hợp từ trần hoặc bị thương trong lúc thực hiện nghĩa vụ lao động tại các Đoàn xây dựng kinh tế
2839/LĐTBXH-NCC,V/v xác nhận thương binh
2832/LĐTBXH-NCC,"V/v tổ chức Ngày cao điểm ""Tuổi trẻ đền ơn đáp nghĩa"" và ""Lễ thắp nến tri ân các anh hùng liệt sỹ"""
2674/LĐTBXH-NCC,V/v giám định lại thương tật
2673/LĐTBXH-NCC,"V/v khám, giám định, kết luận lại tỷ lệ suy giảm khả năng lao động đối với 04 trường hợp hưởng chế độ NHĐKC bị nhiễm CĐHH"
2366/LĐTBXH-NCC,V/v tổ chức hoạt động kỷ niệm 68 năm ngày Thương binh - Liệt sĩ
2380/LĐTBXH-KHTC,"V/v điều chỉnh, bổ sung dự án Trung tâm chỉnh hình và phục hội chức năng cho thương binh và người tàn tật 686 tại Bản Chân, Lào"
2369/KH-LĐTBXH,Kế hoạch thăm tặng quà nhân dịp kỷ niệm 68 năm ngày thương binh - liệt sĩ (27/7/1947 - 27/7/2015)
2249/LĐTBXH-NCC,V/v thẩm định Đề án hỗ trợ người có công với cách mạng về nhà ở
2222/LĐTBXH-KHTC,"V/v hỗ trợ kinh phí mua sắm trang thiết bị làm việc và phục vụ bảo quản, khai thác kho lưu trữ hồ sơ NCC"
2219/LĐTBXH-KHTC,"V/v triển khai phần mềm ""Quản lý tài chính trợ cấp ưu đãi người có công"""
2141/LĐTBXH-VP,"V/v cung cấp số liệu về khen thưởng đối với các tập thể, cá nhân có thành tích trong 2 cuộc kháng chiến"
1874/LĐTBXH-NCC,V/v tình hình giải quyết những tồn đọng sau Tổng rà soát thực hiện chính sách ưu đãi đối với người có công
1735/LĐTBXH-KHTC,"V/v thực hành tiết kiệm chống lãng phí trong quản lý, sử dụng kinh phí thực hiện Pháp lệnh ưu đãi người có công với cách mạng năm 2015"
64/QĐ-BCĐCCTLBHXH,"Phân công triển khai nghiên cứu và thực hiện chính sách tiền lương, bảo hiểm xã hội và trợ cấp ưu đãi người có công trong năm 2015"
543/QĐ-TTg,"Bổ sung thành viên Ban Chỉ đạo quốc gia về tìm kiếm, quy tập hài cốt liệt sĩ từ nay đến năm 2020 và những năm tiếp theo"
1450/LĐTBXH-KHTC,V/v xử lý kinh phí thực hiện chính sách ưu đãi người có công năm 2014
1497/LĐTBXH-KHTC,"V/v rà soát, báo cáo tình hình triển khai dự toán kinh phí thực hiện Pháp lệnh ưu đãi Người có công năm 2015"
1320/QĐ-BYT,"Thành lập Ban soạn thảo Thông tư sửa đổi, bổ sung một số điều của thông tư liên tịch số 41/2013/TTLT-BYT-BLĐTBXH về việc hướng dẫn khám giám định bệnh, tật, dị dạng, dị tật có liên quan đến phơi nhiễm với chất độc hóa học đối với người hoạt động..."
1055/LĐTBXH-KHTC,"V/v thực hiện Nghị định số 20/2015/NĐ-CP về điều chỉnh mức trợ cấp, phụ cấp ưu đãi đối với người có công với cách mạng"
92/TB-VPCP,"Kết luận của Phó Thủ tướng Vũ Văn Ninh tại cuộc họp Ban Chỉ đạo Trung ương về cải cách chính sách tiền lương, bảo hiểm xã hội và ưu đãi người có công"
58/TB-VPCP,"Kết luận của Phó Thủ tướng Chính phủ Vũ Đức Đam, Trưởng Ban Chỉ đạo Quốc gia 1237 tại Hội nghị đánh giá kết quả thực hiện Đề án tìm kiếm, quy tập hài cốt liệt sĩ năm 2014; phương hướng, nhiệm vụ năm 2015"
429/LĐTBXH-KHTC,V/v Hướng dẫn thực hiện dự toán kinh phí thực hiện Pháp lệnh ưu đãi Người có công năm 2015
277/LĐTBXH-KHTC,V/v trước mắt chưa thực hiện chi trả trợ cấp ưu đãi người có công với cách mạng qua hệ thống bưu điện
81/QĐ-CTN,Về việc tặng quà cho các đối tượng có công với cách mạng nhân dịp Tết Nguyên đán Ất mùi năm 2015
30/LĐTBXH-NCC,V/v tổ chức Hội nghị biểu dương người có công tiêu biểu năm 2015
06/LĐTBXH-VP,V/v giải quyết chế độ trợ cấp cho thương binh
4504/LĐTBXH-NCC,V/v giám định lại thương tật
4382/LĐTBXH-KHTC,"V/v rà soát số lượng ""Bà mẹ Việt Nam anh hùng"" được phong tặng, truy tặng năm 2014"
4373/LĐTBXH-KHTC,V/v rà soát nhu cầu kinh phí chi trả trợ cấp 1 lần chế độ ưu đãi Bà mẹ Việt Nam anh hùng năm 2014
4372/LĐTBXH-KHTC,V/v sử dụng kinh phí thực hiện Pháp lệnh ưu đãi người có công năm 2014
4371/LĐTBXH-KHTC,V/v sử dụng kinh phí hỗ trợ tổ chức Hội nghị tập huấn chính sách người có công năm 2014
4370/LĐTBXH-KHTC,V/v sử dụng kinh phí thực hiện Pháp lệnh ưu đãi người có công năm 2014
4362/LDDTBXH-TTr,V/v vận dụng khôi phục chế độ thương binh đối với ông Trần Xuân Hội
2039/QĐ-TTg,Về việc cấp Bằng Tổ quốc ghi công
4241/LĐTBXH-NCC,V/v xác nhận liệt sĩ
8424/VPCP-KTTH,V/v trợ cấp một lần đối với người có thành tích tham gia kháng chiến
388/TB-VPCP,"Kết luận của Ban Chỉ đạo Quốc gia 1237 tại cuộc họp đánh giá tiến độ, kết quả bước đầu thực hiện Đề án tìm kiếm, quy tập hài cốt liệt sĩ; thống nhất phương hướng, nhiệm vụ thời gian tới"
3053/LĐTBXH-NCC,V/v thực hiện Chương trình Tổng rà soát việc thực hiện chính sách ưu đãi đối với người có công với cách mạng
268/TB-VPCP,"Ý kiến kết luận của Phó Thủ tướng Vũ Đức Đam, Trưởng Ban Chỉ đạo cấp Nhà nước về xác định hài cốt liệt sĩ còn thiếu thông tin tại cuộc họp Ban Chỉ đạo"
1525/QĐ-CTN,Về việc tặng quà nhân dịp kỷ niệm 67 năm ngày Thương binh - Liệt sĩ (27/7/1947 - 27/7/2014)
2278/LĐTBXH-KHTC,V/v xây dựng dự toán ngân sách trung ương thực hiện Pháp lệnh ưu đãi NCC với cách mạng năm 2015
1480/KBNN-KTNS,V/v tạm ứng chi cho công tác rà soát việc thực hiện chính sách ưu đãi Người có công
4400/VPCP-KGVX,V/v trình Chủ tịch nước tặng quà cho đối tượng có công với cách mạng nhân dịp kỷ niệm 67 năm ngày Thương binh - Liệt sĩ
1730/LĐTBXH-KHTC,V/v kinh phí hỗ trợ từ NSTW thực hiện rà soát chính sách ưu đãi NCC với cách mạng theo Chỉ thị số 23/CT-TTg
3274/VPCP-KGVX,V/v xin phép tổ chức Hội nghị người có công tiêu biểu năm 2014
901/BXD-QLN,V/v thực hiện Quyết định số 22/2013/QĐ-TTg
1506/LĐTBXH-KHTC,V/v Triệu tập tham dự Tập huấn hướng dẫn về kinh phí thực hiện rà soát chính sách ưu đãi người có công theo Chỉ thị 23/CT-TTg
734/QĐ-UBND,Về việc thành lập Ban rà soát thực hiện chính sách ưu đãi người có công với cách mạng trong 2 năm (2014 - 2015) tỉnh Lâm Đồng
4827/BTC-HCSN,V/v hướng dẫn kinh phí thực hiện Chỉ thị số 23/CT-TTg của TTCP về tổng rà soát việc thực hiện chính sách ưu đãi đối với người có công với cách mạng
1903/VPCP-KGVX,"V/v bổ sung đối tượng thăm hỏi, tặng quà nhân dịp kỷ niệm 60 năm Chiến thắng Điện Biên Phủ"
42/TB-VPCP,"Ý kiến kết luận của Phó Thủ tướng Vũ Đức Đam, Trưởng Ban Chỉ đạo cấp nhà nước về xác định hài cốt liệt sĩ còn thiếu thông tin tại Hội nghị Ban Chỉ đạo"
42/TB-VPCP,"Ý kiến kết luận của Phó Thủ tướng Vũ Đức Đam, Trưởng Ban Chỉ đạo cấp nhà nước về xác định hài cốt liệt sĩ còn thiếu thông tin tại Hội nghị Ban Chỉ đạo"
42/TB-VPCP,"Ý kiến kết luận của Phó Thủ tướng Vũ Đức Đam, Trưởng Ban Chỉ đạo cấp nhà nước về xác định hài cốt liệt sĩ còn thiếu thông tin tại Hội nghị Ban Chỉ đạo"
12/QĐ-CTN,Về việc tặng quà cho các đối tượng có công với cách mạng nhân dịp Tết Nguyên đán Giáp Ngọ năm 2014
12/QĐ-CTN,Về việc tặng quà cho các đối tượng có công với cách mạng nhân dịp Tết Nguyên đán Giáp Ngọ năm 2014
2340/TTr-TTg,Về việc tặng quà cho đối tượng có công với cách mạng nhân dịp Tết Nguyên đán Giáp Ngọ năm 2014
456/BC-UBND,"Đánh giá giữa kỳ về thực hiện Chương trình quốc gia bảo vệ trẻ em, giai đoạn 2011-2015 cua UBND tỉnh Bắc Kạn"
75/2013/QĐ-TTg,"Quy chế về chế độ, chính sách và công tác bảo đảm đối với công tác tổ chức, cá nhân làm nhiệm vụ tìm kiếm, quy tập hài cốt liệt sỹ"
252/KH-BCĐQG1237,"Triển khai thực hiện Quyết định số 1237/QĐ-TTg ngày 27 tháng 7 năm 2013 của Thủ tướng Chính phủ về việc phê duyệt Đề án tìm kiếm,quy tập hài cốt liệt sĩ từ nay đến năm 2020 và những năm tiếp theo"
2428/BXD-QLN,V/v hỗ trợ người có công với cách mạng về nhà ở theo QĐ số 22/2013/QĐ-TTg
406/TB-VPCP,Ý kiến kết luận của Phó Thủ tướng Nguyễn Thiện Nhân tại cuộc Họp về Chương trình phối hợp tổng rà soát việc thực hiện chính sách đối với người có công với cách mạng trong 2 năm 2014 - 2015
414/TB-VPCP,"Ý kiến kết luận của Phó Thủ tướng Chính phủ Nguyễn Thiện Nhân, Trưởng Ban Chỉ đạo quốc gia 1237 tại Hội nghị Ban Chỉ đạo (phiên họp thứ nhất)"
9522/VPCP-KGVX,"V/v tìm kiếm, quy tập và xác định hài cốt liệt sĩ còn thiếu thông tin"
1474/VPCTN-TH,V/v thông báo ý kiến của Chủ tịch nước
234/LĐTBXH-TTr,
249/QĐ-BCĐQG1237,"Ban hành Quy chế tổ chức và hoạt động của Ban Chỉ đạo quốc gia về tìm kiếm, quy tập hài cốt liệt sĩ từ nay đến năm 2020 và những năm tiếp theo"
249/QĐ-BCĐQG1237,"Ban hành Quy chế tổ chức và hoạt động của Ban Chỉ đạo quốc gia về tìm kiếm, quy tập hài cốt liệt sĩ từ nay đến năm 2020 và những năm tiếp theo"
4270/LĐTBXH-KHTC,V/v Hướng dẫn thực hiện công tác điều dưỡng người có công năm 2013
8320/BC-BQP,
23/CT-TTg,Về tổng rà soát việc thực hiện chính ưu đãi đối với người có công với cách mạng trong 2 năm 2014-2015
8992/VPCP-KGVX,V/v xử lý thông tin báo chí nêu liên quan đến tìm kiếm hài cốt liệt sĩ
2214/BXD-QLN,V/v Hỗ trợ người có công với cách mạng về nhà ở
241/QĐ-BCĐ150 ,Ban hành Quy chế tổ chức và hoạt động của Ban Chỉ đạo cấp nhà nước về xác định hài cốt liệt sĩ còn thiếu thông tin
8794/VPCP-KGVX,V/v ban hành Thông tư liên tịch hướng dẫn về quy trình xác nhận đối tượng người có công bị nhiễm chất độc hóa học/dioxin
4057/QĐ-BYT ,Thành lập Ban soạn thảo thông tư liên tịch Hướng dẫn khám giám định đối với người hoạt động kháng chiến có liên quan đến phơi nhiễm với chất độc hóa học
4057/QĐ-BYT,Thành lập Ban  soạn thảo thông tư liên tịch Hướng dẫn khám giám định đối với người hoạt động kháng chiến có liên quan đến phơi nhiễm với chất độc hóa học
3094/BC-BQL,"Kết quả xây dựng, quản lý và điều hành quỹ ""Đền ơn đáp nghĩa"" năm 2012 và phương hướng nhiệm vụ năm 2013 của Ban quản lý quỹ đền ơn đáp nghĩa UBND tỉnh Ninh Thuận "
1157/QĐ-UBND,Phê duyệt Đề án hỗ trợ người có công với cách mạng về nhà ở trên địa bàn tỉnh Hà Nam
8118/VPCP-KGVX,V/v kiến nghị của Hội Cựu TNXP Việt Nam
1753/QĐ-TTg,"Về việc thành lập Ban Chỉ đạo quốc gia về tìm kiếm, quy tập hài cốt liệt sĩ từ nay đến năm 2020 và những năm tiếp theo"
119/2013/TTLT-BTC-BNV,"Quy định việc lập dự toán, quản lý, sử dụng và quyết toán kinh phí hoạt động thường xuyên của các tổ chức thanh niên xung phong từ ngân sách nhà nước"
1952/QĐ-UBND,Về việc phê duyệt Đề án hỗ trợ người có công với cách mạng về nhà ở trên địa bàn tỉnh An Giang
7556/VPCP-KGVX,"V/v tổ chức Hội nghị biểu dương người có công, thân nhân liệt sỹ tiêu biểu trong sự nghiệp bảo vệ biên giới, biển đảo"
1242/BC-LĐTBXH,Kết quả thực hiện các hoạt động kỷ niệm 66 năm ngày thương binh liệt sỹ của SLĐTBXH tỉnh Đắc Lăk
1572/QĐ-TTg,"Về việc cấp Bằng ""Tổ quốc ghi công"""
08/2013/QĐ-UBND,"Về việc ban hành quy định phân cấp quản lý, xây dựng và sử dụng nghĩa trang trên địa bàn tỉnh Sơn La"
11/2013/QĐ-UBND,Ban hành quy định về phân cấp và quản lý nghĩa trang trên địa bàn tỉnh Khánh Hòa
23/QĐ-UBND,"Về việc phê duyệt miễn giảm tiền sử dụng đất đối với người có công với cách mạng trên địa bàn huyện Trấn Yên, tỉnh Yên Bái"
6781/VPCP-KGVX,"V/v đề xuất áp dụng chính sách người có công đối với trường hợp của ông Trần Hữu Hiệp trong vụ tai nạn chìm tàu tại vùng biển Cần Giờ, thành phố Hồ Chí Minh"
1142/QĐ-CTN,"Về việc tặng quà nhân dịp ngày thương binh, liệt sĩ"
1414/TCT-CS,V/v hỗ trợ người có công với cách mạng cải thiện nhà ở
65/BC-SLĐTBXH,"Kết quả các hoạt động kỷ niệm 66 năm Ngày Thương binh, liệt sĩ"
1795/SLĐTBXH-KHTC,V/v đề nghị điều chỉnh tổng mức đầu tư Dự án cải tạo nâng cấp NTLS Hàm Rồng Thanh Hóa
5235/GDĐT-CTHSSV,V/v báo cáo công tác chăm sóc các công trình ghi công liệt sỹ
1766/QĐ-UBND,Thực hiện chế độ bảo hiểm y tế đối với đối tượng trực tiếp tham gia kháng chiến chống mỹ theo quyết định sô 290/2005/QĐ-TTg ngày 08 tháng 11 năm 2005 của Thủ tướng Chính phủ trên địa bàn thị xã Ninh Hòa của UBND tỉnh Khánh Hòa
87/2013/NĐ-CP,"Quy định chế độ, chính sách đối với gia đình, thân nhân hạ sĩ quan, chiến sĩ đang phục vụ có thời hạn trong Công an nhân dân"
1237/QĐ-TTg,"Về việc phê duyệt Đề án tìm kiếm, quy tập hài cốt liệt sĩ từ nay đến năm 2020 và những năm tiếp theo"
98/2013/TT-BTC,"Hướng dẫn việc quản lý, cấp phát, thanh toán, quyết toán nguồn vốn hỗ trợ người có công với cách mạng về nhà ở theo Quyết định số 22/2013/QĐ-TTg ngày 26/4/2013 của Thủ tướng Chính phủ về hỗ trợ người có công với cách mạng về nhà ở"
1227/QĐ-TTg,Về việc thành lập Ban Chỉ đạo cấp Nhà nước về xác định hài cốt liệt sĩ còn thiếu thông tin
254/QĐ-UBND,Về việc giải quyết chế độ trợ cấp một lần đối với thanh niên xung phong của UBND tỉnh Tuyên Quang
09/2013/TT-BXD,Hướng dẫn thực hiện Quyết định số 22/2013/QĐ-TTg ngày 26 tháng 4 năm 2013 của Thủ tướng Chính phủ về hỗ trợ người có công với cách mạng về nhà ở
2397/LĐTBXH-KHTC,V/v Xây dựng dự toán ngân sách trung ương thực hiện Pháp lệnh ưu đãi Người có công năm 2014
89/KH-SLĐTBXH,Tổ chức các hoạt động kỷ niệm 66 năm ngày Thương binh - Liệt sỹ (27/07/1947-27/07/2013) của SLĐTBXH tỉnh Sóc Trăng
995/QĐ-TTg,"Về việc cấp Bằng ""Tổ quốc ghi công"""
695/VPCTN-TĐKT,V/v thực hiện ý kiến của Chủ tịch nước
986/QĐ-UBND,Về việc giải quyết chế độ trợ cấp một lần đối với thanh niên xung phong của UBND tỉnh Bạc Liêu
4438/VPCP-KGVX,V/v trình Chủ tịch nước tặng quà cho đối tượng có công với cách mạng nhân dịp kỷ niệm 66 năm ngày Thương binh- Liệt sĩ
1921/LĐTBXH-NCC,V/v hướng dẫn thực hiện chế độ điều dưỡng phục hồi sức khỏe người có công với cách mạng
1516/KH-LĐTBXH,Tổ chức các hoạt động kỷ niệm 66 năm ngày Thương binh - Liệt sỹ (27/07/2047-27/07/2013)
3354/VPCP-KGVX,"V/v ban hành Thông tư hướng dẫn về quy trình xác định, trình tự thủ tục hồ sơ xác nhận nạn nhân chất độc hóa học/dioxin do Mỹ sử dụng trong chiến tranh tại Việt Nam"
22/2013/QĐ-TTg,Hỗ trợ người có công với cách mạng về nhà ở
871/QĐ-UBND,"Về việc ủy quyền tổ chức xét duyệt và quyết định miễn, giảm tiền sử dụng đất cho đối tượng là người có công với cách mạng trên địa bàn tỉnh Hà Tĩnh"
946/LĐTBXH-KHTC,V/v Công khai quyết toán ngân sách nhà nước thực hiện chính sách ưu đãi người có công năm 2011 và kinh phí trợ cấp khó khăn theo Quyết định 471/QĐ-TTg 
895/LĐTBXH-NCC,V/v hướng dẫn giải quyết chế độ ưu đãi người có công
150/QĐ-TTg,Phê duyệt Đề án xác định hài cốt liệt sĩ còn thiếu thông tin 
71/QĐ-CTN,Về việc tặng quà cho các đối tượng có công với cách mạng nhân dịp Tết Nguyên đán Quý Tỵ năm 2013
71/QĐ-CTN,Về việc tặng quà cho các đối tượng có công với cách mạng nhân dịp Tết Nguyên đán Quý Tỵ năm 2013
4758/LĐTBXH-TCCB,
5702/QĐ-UBND,Thực hiện chế độ bảo hiểm y tế đối với cựu chiến binh theo Nghị định số 150/2006/NĐ-CP ngày 12 tháng 12 năm 2006 của Chính phủ của UBND thành phố Hà Nội
1659/QĐ-UBND,"Về việc phê duyệt miễn giảm tiền sử dụng đất đối với người có công với cách mạng trên địa bàn thành phố Yên Bái, tỉnh Yên Bái"
31/CT-TTg,"Về việc thực hiện công tác đào tạo nghề,giải quyết việc làm cho con liệt sĩ, con thương binh nặng,con bệnh binh nặng"
372/TB-VPCP,"Ý kiến kết luận của Phó Thủ tướng Nguyễn Thiện Nhân, tại Hội nghị tổng kết công tác tìm kiếm, quy tập hài cốt liệt sĩ quân tình nguyện, chuyên gia Việt Nam hy sinh ở Lào, Campuchia"
49/2012/QĐ-UBND,Ban hành quy chế quản lý kinh phí chi thực hiện chính sách ưu đãi người có công với cách mạng và người trực tiếp tham gia kháng chiến trên địa bàn Thành phố Hồ Chí Minh
1351/QĐ-UBND,"Về việc phê duyệt miễn giảm tiền sử dụng đất đối với người có công với cách mạng trên địa bàn huyện Yên Bình, tỉnh Yên Bái"
20/2012/L-CTN,Về việc công bố pháp Lệnh
1019/QĐ-UBND,"Về việc phê duyệt miễn giảm tiền sử dụng đất đối với người có công với cách mạng trên địa bàn thành phố Yên Bái, tỉnh Yên Bái"
12/2012/QĐ-UBND,"Về việc ban hành quy định tặng quà đối với thương binh, bệnh binh, gia đình liệt sĩ và người có công với cách mạng trên địa bàn tỉnh Tuyên Quang"
3655/LĐTBXH-VP,"V/v chấn chỉnh công tác tiếp nhận, giải quyết hồ sơ người có công với cách mạng"
3283/LĐTBXH-NCC,V/v triển khai thực hiện Pháp lệnh ưu đãi Người có công với cách mạng
368/QĐ-UBND,"Về việc phê duyệt Đề án chính sách hố trợ hộ gia đình người có công khó khăn về nhà ở tỉnh Yên Bái, giai đoạn 2012- 2015"
198/BC-SLĐTBXH,Kết quả hoạt động kỷ niệm 65 năm ngày thương binh liệt sỹ (27/7/1947-27/7/2012)của SLĐTBXH tỉnh Lào Cai
BC-SLĐTBXH-HG,Tình hình quản lý và sử dụng nguồn kinh phí Trung ương thực hiện chính sách ưu đãi người có công với cách mạng năm 2011 và 06 tháng đầu năm 2012 của SLĐTBXH tỉnh Hậu Giang
815/BC-SLĐTBXH,"Kết quả các hoạt động kỷ niệm 65 năm Ngày Thương binh, liệt sĩ của SLĐTBXH tỉnh Hải Phòng"
107/BC-SLĐTBXH,"Công tác chăm lo đời sống cho đối tượng chính sách, người có công nhân dịp kỷ niệm 65 năm ngày TBLS (27/7/1947-27/7/2012) của tỉnh Bình Phước"
1113/TTg-ĐMDN,"V/v phê duyệt Phương án sắp xếp, đổi mới doanh nghiệp nhà nước thuộc UBND tỉnh Sơn La giai đoạn 2012-2015"
19/2012/L-CTN,Về việc công bố pháp Lệnh
948/QĐ-CTN,"Về việc tặng quà nhân dịp ngày thương binh, liệt sĩ"
2160/LĐTBXH-TCCB,"V/v tổ chức hoạt động kỷ niệm 65 năm ngày thương binh, liệt sỹ 27/7/2012"
2100/LĐTBXH-KHTC,V/v Xây dựng dự toán ngân sách trung ương thực hiện Pháp lệnh Ưu đãi Người có công năm 2013
600 /NCC-LTHS,V/v lấy mẫu sinh phẩm giám định AND xác định danh tính hài cốt liệt sĩ còn thiếu thông tin
93/2012/TT-BTC,"Quy định mức thu, chế độ thu, nộp, quản lý và sử dụng phí giám định y khoa"
494/NQ-UBTVQH13,"Về kết quả giám sát việc thực hiện chính sách, pháp luật về người có công với cách mạng

"
518/QĐ-UBND ,"Về việc phê duyệt miễn giảm tiền sử dụng đất đối với người có công với cách mạng trên địa bàn thành phố Yên Bái, tỉnh Yên Bái"
1666/LĐTBXH-VP,V/v hướng dẫn khen thưởng nhân dịp kỷ niệm 65 năm ngày Thương binh - Liệt sỹ 27/7
1615/LĐTBXH-KHTC,"V/v hướng dẫn thực hiện chính sách tiếp đón, thăm hỏi, tặng quà và hỗ trợ tiền ăn, tiền tàu xe đối với người có công"
12/CT-TTg,Về việc tăng cường chăm sóc người có công với cách mạng và hoạt động đền ơn đáp nghĩa hướng tới kỷ niệm 65 năm ngày Thương binh - Liệt sỹ ( 27/7/1947 - 27/7/2012
378/QĐ-UBND ,"Về việc phê duyệt miễn giảm tiền sử dụng đất đối với người có công  với cách mạng trên địa bàn thành phố Yên Bái, tỉnh Yên Bái"
1037/KH-LĐTBXH,Hoạt động kỷ niệm 65 năm ngày Thương binh - Liệt sỹ (27/7/1947 - 27/7/2012)
1040/LĐTBXH-NCC,V/v hướng dẫn giải quyết chế độ người HĐKC bị nhiễm chất độc hóa học
128/TB-VPCP,Kết luận của Thủ tướng Chính phủ Nguyễn Tấn Dũng tại buổi làm việc với Trung ương Hội Cựu chiến binh Việt Nam
23/2012/NĐ-CP,"Quy định một số chế độ đối với đối tượng tham gia chiến tranh bảo vệ Tổ quốc, làm nhiệm vụ quốc tế ở Căm-pu-chi-a, giúp bạn Lào sau ngày 30 tháng 4 năm 1975 có từ đủ 20 năm trở lên phục vụ trong quân đội, công an đã phục viên, xuất ngũ, thôi việc"
40/2012/TT-BTC,"Quy định quản lý và sử dụng kinh phí thực hiện Dự án ""Giúp đỡ nạn nhân chất độc gia cam các tỉnh khu vực Tây Nguyên và Tây Ninh giai đoạn 2011 đến 2015"""
769/LĐTBXH-KHTC,V/v: Công khai quyết toán ngân sách nhà nước thực hiện chính sách ưu đãi người có công năm 2010
164/QĐ-TTg,Về việc điều chỉnh cơ cấu vốn điều lệ của tập đoàn xăng dầu Việt Nam
6154/QĐ-UBND,Về việc thực hiện chế độ điều dưỡng luân phiên đối với người có công với cách mạng trên địa bàn thành phố Hà Nội
4465/LĐTBXH-NCC,V/v chăm lo đời sống cho đối tượng nhân dịp Tết Nguyên đán năm 2012
2342/QĐ-CTN,Về việc tặng quà nhân dịp Tết Nguyên đán Nhâm Thìn năm 2012
31/2011/QĐ-UBND,"Về việc ban hành Quy định trình tự, thủ tục giải quyết chế độ miễn, giảm tiền sử dụng đất đối với người có công với cách mạng trên địa bàn tỉnh Gia Lai"
62/2011/QĐ-TTg ,"Về chế độ, chính sách đối với đối tượng tham gia chiến tranh bảo vệ tổ quốc, làm nhiệm vụ quốc tế ở Căm-pu-chi-a, giúp bạn Lào sau ngày 30 tháng 4 năm 1975 đã phục viên, xuất ngũ, thôi việc"
62/2011/QĐ-TTg ,"Về chế độ, chính sách đối với đối tượng tham gia chiến tranh bảo vệ tổ quốc, làm nhiệm vụ quốc tế ở Căm-pu-chi-a, giúp bạn Lào sau ngày 30 tháng 4 năm 1975 đã phục viên, xuất ngũ, thôi việc"
11/2011/TT-BNV,Hướng dẫn thi hành một số điều của Nghị định số 12/2011/NĐ-CP ngày 30 tháng 1 năm 2011 của  Chính phủ về tổ chức và chính sách đối với thanh niên xung phong
6477/VPCP-KGVX,"V/v tổ chức Hội nghị biểu dương các chiến sỹ cách mạng, chiến sỹ yêu nước bị địch bắt tù đày"
40/2011/QĐ-TTg,Quy định về chế độ đối với thanh niên xung phong đã hoàn thành nhiệm vụ trong kháng chiến
40/2011/QĐ-TTg,Quy định về chế độ đối với thanh niên xung phong đã hoàn thành nhiệm vụ trong kháng chiến
2280/LĐTBXH-TCCB,"V/v kỷ niệm ngày thương binh, liệt sỹ 27/7/2011"
965/QĐ-CTN,"Về việc tặng quà nhân dịp ngày thương binh, liệt sĩ"
2045/LĐTBXH-KHTC,V/v Xây dựng dự toán ngân sách trung ương thực hiện Pháp lệnh ưu đãi người có công năm 2012
2003/LĐTBXH-KHTC,V/v tăng cường công tác quản lý kinh phí thực hiện chính sách ưu đãi Người có công với cách mạng 
22/2011/QĐ-UBND,Về việc ban hành quy chế quản lý các công trình ghi công liệt sỹ trên địa bàn tỉnh Thừa Thiên Huế
7474/BTC-HCSN,"V/v Hướng dẫn triển khai dự toán chi ngân sách nhà nước năm 2011 cho công tác mộ, nghĩa trang liệt sỹ"
3455/VPCP - KGVX,V/v bổ sung đối tượng được tặng quà của Chủ tịch nước
3438/VPCP - KGVX,V/v hoàn thiện Dự thảo Quyết định thay thế Quyết định số 104/1999/QĐ/TTg
3373/VPCP - KGVX,"V/v xin phép tổ chức Hội nghị biểu dương các chiến sỹ cách mạng, chiến sỹ yêu nước bị dịch bắt và tù đà"
1609/LĐTBXH-NCC ,V/v hướng dẫn xử lý vướng mắc khi tiếp nhận hồ sơ giải quyết chế độ người HĐKC bị nhiễm độc hóa học   
2306/VPCP-KGVX,V/v trả lời Hội Cựu TNXP Việt Nam
1503/BYT-KCB,"V/v tăng cường quản lý khám, xác nhận bệnh, tật liên quan tới Quyết định số 09/2008/QĐ-BYT"
1453/QĐ-BNV,Phê duyệt Điều lệ Hội Hỗ trợ gia đình liệt sĩ Việt Nam 
1453/QĐ-BNV,Phê duyệt Điều lệ Hội Hỗ trợ gia đình liệt sĩ Việt Nam
554/BNN-TCLN ,V/v giải quyết chế độ liệt sĩ đối với ông Lê Văn Phượng 
284/LĐTBXH-NCC,V/v Giải quyết chế độ ưu đãi trong giáo dục đào tạo đối với người có công với cách mạng và con của họ
181/LĐTBXH-NCC,V/v Hướng dẫn tặng quà của Chủ tịch nước nhân dịp Tết Nguyên đán Tân mão 2011
2338/QĐ-TTg  ,Về việc thành lập ban chỉ đạo nhà nước về chương trình hành động quốc gia khắc phục hậu quả bom mìn sau chiến tranh
8160/VPCP-KGVX,V/v giải quyết chính sách đối với TNXP tham gia kháng chiến
24/2010/QĐ-UBND,"Ban hành quy định phân cấp, cấp phát, quản lý nguồn kinh phí thực hiện pháp lệnh ưu đãi người có công với cách mạng và người trực tiếp tham gia kháng chiến trên địa bàn tỉnh Quảng Ngãi"
264/TB-VPCP,Ý kiến của Phó Thủ tướng Phạm Gia Khiêm tại buổi làm việc với Chủ tịch Hội nạn nhân chất độc da cam/dioxin Việt Nam về vụ kiện các công ty hóa chất mỹ
1081/QĐ-BNV ,Về việc cho phép thành lập hội hỗ trợ gia đình liệt sĩ Việt Nam 
1081/QĐ-BNV ,Về việc cho phép thành lập hội hỗ trợ gia đình liệt sĩ Việt Nam
6477/VPCP-KGVX,V/v giải quyết chính sách đối với thanh niên XP tham gia kháng chiến 
2965/LĐTBXH-TTr,V/v tăng cường giám sát tình hình lập hồ sơ thực hiện chế độ ưu đãi người có công với cách mạng
915/QĐ-CTN,"Về việc tặng quà nhân dịp ngày thương binh, liệt sĩ "
2203/LĐTBXH-NCC,V/v Hướng dẫn tặng quà của Chủ tịch nước nhân dịp ngày TBLS 27/07/2010
2071/LĐTBXH-KHTC,V/v xây dựng dự toán ngân sách trung ương thực hiện Pháp lệnh ưu đãi người có công năm 2011
24/2010/QĐ-UBND  ,"Về việc phân cấp, cấp phát, quản lý và sử dụng kinh phí thực hiện chính sách ưu đãi người có công với cách mạng và người trực tiếp tham gia kháng chiến trên địa bàn thành phố Hà Nội"
1023/TTr-TTg,"Về việc tặng quà cho đối tượng có công với cách mạng nhân dịp kỷ niệm 63 năm ngày thương binh, liệt sỹ (27/7/1947-27/7/2010)"
01/2010/NQLT-CP-HCCBVN,Về việc ban hành quy chế phối hợp công tác giữa Chính phủ và Trung ương Hội Cựu chiến binh Việt Nam
16/2010/QĐ-UBND,Quy định về miễn giảm tiền sử dụng đất đối với người có công với cách mạng và hỗ trợ tiền sử dụng đất đối với người có công với cách mạng khi được nhà nước giao đất tái định cư để giải phóng mặt bằng trên địa bàn Thành phố Hà Nội
222/LĐTBXH-NCC,V/v Hướng dẫn tặng quà của Chủ tịch nước nhân dịp Tết Nguyên đán Canh Dần 2010
61/QĐ-CTN,Về việc tặng quà nhân dịp Tết Nguyên đán Canh Dần năm 2010
129/LĐTBXH-KHTC,"V/v Hướng dẫn thực hiện chính sách tiếp đón, thăm hỏi, tặng quà và hỗ trợ tiền ăn, tàu xe đối với người có công"
1774/QĐ-LĐTBXH,Về việc phê duyệt kế hoạch đấu thầu dự án Trung tâm nuôi dưỡng và phục hồi chức năng Người có công Thái Bình
1755/QĐ-LĐTBXH,"Về việc phê duyệt điều chỉnh, bổ sung dự toán gói thầu nâng cấp, hỗ trợ kỹ thuật và tập huấn chuyển giao phần mềm ""Quản lý tài chính trợ cấp ưu đãi người có công"""
1737/QĐ-LĐTBXH,Về việc phê duyệt kế hoạch sắm và kế hoạch đấu thầu gói thầu thiết bị bảo vệ môi trường năm 2009 của Bệnh viện chỉnh hình và Phục hồi chức năng Đà Nẵng
4541/LĐTBXH-KHTC,V/v Phân bổ và hướng dẫn quản lý kinh phí chi cho công tác quản lý kinh phí thực hiện chính sách ưu đãi người có công với cách mạng
4637/LĐTBXH-KHTC,"V/v Triển khai thực hiện in, phát hành, quản lý Sổ lĩnh tiền ưu đãi hàng tháng"
4610/LĐTBXH-KHTC,V/v Hướng dẫn hình thức và nội dung mẫu Sổ lĩnh tiền ưu đãi hàng tháng
1646/QĐ-LĐTBXH,Về việc phê duyệt kế hoạch mua sắm tài sản của Trung tâm Chỉnh hình - phục hồi chức năng trẻ tàn tật vận động
2403/TTg-KGVX,V/v điều chỉnh mức trợ cấp hàng tháng đối với đối tượng hưởng chế độ theo  quy định tại Quyết định số 142/2008/QĐ-TTg
4523/LĐTBXH-KHTC,V/v công tác quyết toán và xử lý kinh phí trung ương thực hiện chính sách ưu đãi người có công với cách mạng cuối năm 2009
4483/LĐTBXH-NCC,V/v Giải quyết chế độ đối với thương binh đồng thời là công nhân viên chức nghỉ hưởng chế độ mất sức lao động
4391/LDDTBXH-KHTC,V/v hỗ trợi kinh phí xây dựng nghĩa trang liệt sỹ  
4329/LĐTBXH-NCC,V/v Tăng cường chỉ đạo trong việc xác nhận người hoạt động kháng chiến bị nhiễm độc hoá học
4260/LĐTBXH-NCC,V/v giải quyết xác nhận hồ sơ tồn đọng theo KH61/KH-LĐTBXH
3676/LĐTBXH-NCC,V/v giải quyết chế độ BHYT và MTP theo Quyết định số 290/2005/QĐ-TTg
4148/LĐTBXH-KHTC,V/v đầu tư Bệnh viện CHPHCN và Trung tâm Điều dưỡng NCC tại Cần Thơ
4147/LĐTBXH-KHTC,V/v đầu tư xây dựng Trung tâm điều dưỡng người có công tỉnh Hưng Yên
1394/QĐ-LĐTBXH,Về việc phê duyệt quyết toán vốn đầu tư hoàn thành Dự án Trung tâm điều dưỡng người có công Quảng Ngãi
15121/BTC-NSNN,V/v Hỗ trợ tỉnh Bắc Cạn thực hiện chế độ ưu đãi đối với người hoạt động kháng chiến bị nhiễm chất độc hoá học
1350/QĐ-LĐTBXH,Về việc phê duyệt đầu tư Dự án Trung tâm Điều dưỡng người có công Sa Pa
1349/QĐ-LĐTBXH,"Về việc phê duyệt đầu tư Dự án Khu điều dưỡng, nuôi dưỡng người có công thuộc Trung tâm Bảo trợ xã hội Kon Tum"
3972/LĐTBXH-KHTC,"V/v điều chỉnh, bổ sung một số hạng mục thuộc dự án Nghĩa trang liệt sỹ Việt Lào"
1294/QĐ-LĐTBXH,Về việc phê duyệt kết quả đấu thầu gói thầu phần phụ trợ hạng mục đài tưởng niệm thuộc dự án Nghĩa trang liệt sĩ Đăk Nông
1365/QĐ-BNV,Về việc cấp giấy phép thành lập và công nhân Điều lệ Quỹ Nạn nhân chất độc da cam/dioxin Việt Nam
1365/QĐ-BNV,Về việc cấp giấy phép thành lập  và công nhận Điều lệ Quỹ Nạn nhân chất độc da cam/dioxin Việt Nam
3742/LĐTBXH-KHTC,v/v đầu tư xây dựng Trung tâm điều dưỡng người có công tỉnh Quảng Trị
3725/LĐTBXH-NCC,v/v Đề nghị giải quyết hồ sơ người có công tồn động theo 611/KH-LĐTBXH
3676/LĐTBXH-NCC,v/v Giải quyết chế độ BHYT và mai táng phí theo Quyết định số 290/2005/QĐ-TTg
3490/LĐTBXH-KHTC,v/v Khảo sát nâng cấp phần mềm Quản lý tài chính trợ cấp ưu đãi người có công
3479/LĐTBXH-NCC,"v/v lập hồ sơ đề nghị tặng, truy tặng danh hiệu ""Bà mẹ Việt Nam anh hùng"""
2218/QĐ-BYT,Về việc ban hành bảng giá thu một phần viện phí áp dụng tại trung tâm chỉnh hình và phục hồi chức năng trẻ tàn tật vận động trực thuộc Bộ Lao động - Thương binh và Xã hội
1084/QĐ-TTg,"Về việc thu hồi kỷ niệm chương chiến sĩ cách mạng bị địch bắt tù, đày"
2141/LĐTBXH-NCC,V/v: Giám định thương tật đối với những trường hợp đặc biệt
1932/LĐTBXH-NCC,V/v Giải quyết trường hợp người hoạt động kháng chiến bị nhiễm chất độc hóa học đang bị dừng chế độ trợ cấp
170/2008/QĐ-TTg,Về chế độ bảo hiểm y tế và trợ cấp mai táng đối với thanh niên xung phong thời kỳ kháng chiến chống Pháp
45/2006/NĐ-CP,Ban hành Điều lệ quản lý và sử dụng Quỹ Đền ơn đáp nghĩa
142/2008/QĐ-TTg,"Quyết định về thực hiện chế độ đối với quân nhân tham gia kháng chiến chống Mỹ cứu nước có dưới 20 năm công tác trong quân đội đã phục viên, xuất ngũ về địa phương"
2285-QP-TT,Về việc hướng dẫn thực hiện chế độ ưu đãi theo quy định tại Nghị định số 28/CP ngày 29-4-1995 của Chính phủ
877/QĐ-TTg,Thành lập Ban quản lý Quỹ Đền ơn đáp nghĩa Trung ương
5129/QĐ-UBND,Nâng mức trợ cấp đối với người có công giúp đỡ cách mạng
04/2001/TT-BXD,Hướng dẫn bổ sung việc hỗ trợ người tham gia hoạt động cách mạng từ ngày 31/12/1944 về trước cải thiện nhà ở theo Quyết định số 20/2000/QĐ-TTg ngày 03/02/2000 của Thủ tướng Chính phủ
